species_name,higher_altitude,far_migration,wintering,diving,flying,lower_altitude,only_forest,can_not_fly,divers,high_alt,far_migrtion,wintering_num,high_alt2,reference2
Abrornis_proregulus,1700,Y,N,N,Y,0,Y,0,0,0,Abrornis_proregulus,0,0,0
Acanthis_flammea,2100,M,Y,N,Y,0,N,0,0,0,0,Acanthis_flammea,0,0
Acanthisitta_chloris,1500,N,N,N,Y,700,Y,0,0,0,0,0,0,Acanthisitta_chloris
Accipiter_gentilis,,,,,,,,0,0,0,0,0,0,0
Accipiter_nisus,,,,,,,,0,0,0,0,0,0,0
Accipiter_soloensis,,,,,,,,0,0,0,0,0,0,0
Accipiter_virgatus,,,,,,,,0,0,0,0,0,0,0
Aceros_corrugatus,200,N,N,N,Y,0,Y,0,0,0,0,0,0,Aceros_corrugatus
Aceros_waldeni,1200,N,N,N,Y,0,Y,0,0,0,0,0,0,Aceros_waldeni
Acridotheres_cristatellus,200,N,N,N,Y,0,N,0,0,0,0,0,0,0
Acrocephalus_arundinaceus,2000,Y,N,N,Y,0,N,0,0,0,Acrocephalus_arundinaceus,0,0,0
Acrocephalus_scirpaceus,2000,M,N,N,Y,0,N,0,0,0,0,0,0,0
Acryllium_vulturinum,1900,N,N,N,M,0,N,0,0,0,0,0,0,0
Aegithalos_bonvaloti,4000,N,N,N,Y,1500,Y,0,0,0,0,0,0,0
Aegithalos_caudatus,2000,M,Y,N,Y,0,Y,0,0,0,0,Aegithalos_caudatus,0,0
Aegithalos_concinnus,4000,N,N,N,Y,1000,Y,0,0,0,0,0,0,0
Aegithalos_fuliginosus,2500,N,N,N,Y,1000,Y,0,0,0,0,0,0,0
Aegithalos_glaucogularis,3000,N,N,N,Y,0,Y,0,0,0,0,0,0,0
Aegotheles_cristatus,1000,N,N,N,Y,0,Y,0,0,0,0,0,0,Aegotheles_cristatus
Aegypius_monachus,4500,M,M,N,Y,800,N,0,0,Aegypius_monachus,0,0,0,0
Aepyornis_sp.,200,N,N,N,N,0,N,Aepyornis_sp.,0,0,0,0,0,0
Aethopyga_gouldiae,4300,N,N,N,Y,300,Y,0,0,Aethopyga_gouldiae,0,0,0,0
Agapornis_roseicollis,1500,N,N,N,Y,0,Y,0,0,0,0,0,0,Agapornis_roseicollis
Agelaius_phoeniceus,3000,M,N,N,Y,0,N,0,0,0,0,0,0,0
Aix_galericulata,2000,Y,N,N,Y,0,Y,0,0,0,Aix_galericulata,0,0,0
Akialoa_obscura,2500,N,N,N,Y,300,Y,0,0,0,0,0,0,0
Alauda_arvensis,3500,Y,N,N,Y,0,N,0,0,0,Alauda_arvensis,0,0,0
Alcedo_atthis,2000,M,N,N,Y,0,Y,0,0,0,0,0,0,0
Alcippe_morrisonia,3000,N,N,N,Y,200,Y,0,0,0,0,0,0,0
Alectoris_chukar,5000,N,M,N,Y,0,N,0,0,Alectoris_chukar,0,0,0,0
Alectura_lathami,500,N,N,N,Y,0,Y,0,0,0,0,0,0,Alectura_lathami
Alopecoenas_salamonis,500,N,N,N,Y,0,Y,0,0,0,0,0,0,Alopecoenas_salamonis
Amaurornis_akool,800,M,N,N,Y,0,M,0,0,0,0,0,0,0
Amaurornis_phoenicurus,2000,M,N,N,Y,0,M,0,0,0,0,0,0,0
Amazilia_brevirostris,500,N,N,N,Y,0,Y,0,0,0,0,0,0,Amazilia_brevirostris
Amazilia_millerii,,,,,,,,0,0,0,0,0,0,0
Amazilia_rondoniae,100,N,N,N,Y,0,Y,0,0,0,0,0,0,Amazilia_rondoniae
Amazilia_versicolor,1700,N,N,N,Y,50,Y,0,0,0,0,0,0,Amazilia_versicolor
Amazona_aestiva,500,M,N,N,Y,0,N,0,0,0,0,0,0,0
Amazona_barbadensis,500,M,N,N,Y,0,N,0,0,0,0,0,0,0
Amazona_ochrocephala,500,N,N,N,Y,0,Y,0,0,0,0,0,0,Amazona_ochrocephala
Amazona_ventralis,1500,N,N,N,Y,0,N,0,0,0,0,0,0,0
Amblyramphus_holosericeus,600,M,N,N,Y,0,N,0,0,0,0,0,0,0
Anas_acuta,4000,Y,N,M,Y,0,Y,0,0,0,Anas_acuta,0,0,0
Anas_chathamica,300,N,N,M,Y,0,Y,0,0,0,0,0,0,Anas_chathamica
Anas_clypeata,4000,Y,N,M,Y,0,M,0,0,0,Anas_clypeata,0,0,0
Anas_crecca,3400,Y,N,M,Y,0,M,0,0,0,Anas_crecca,0,0,0
Anas_falcata,1000,Y,N,M,Y,0,M,0,0,0,Anas_falcata,0,0,0
Anas_formosa,2500,Y,N,M,Y,0,M,0,0,0,Anas_formosa,0,0,0
Anas_platyrhynchos,3300,Y,N,M,Y,0,M,0,0,0,Anas_platyrhynchos,0,0,0
Anas_poecilorhyncha,1000,N,N,M,Y,0,Y,0,0,0,0,0,0,Anas_poecilorhyncha
Anhinga_rufa,500,N,N,M,Y,0,M,0,0,0,0,0,0,0
Anomalopteryx_didiformis,500,N,N,N,N,0,Y,Anomalopteryx_didiformis,0,0,0,0,0,0
Anser_albifrons,2000,Y,N,M,Y,0,M,0,0,0,Anser_albifrons,0,0,0
Anser_anser,2300,Y,N,M,Y,0,M,0,0,0,Anser_anser,0,0,0
Anser_cygnoides,2000,Y,N,M,Y,0,M,0,0,0,Anser_cygnoides,0,0,0
Anser_fabalis,2000,Y,N,M,Y,0,M,0,0,0,Anser_fabalis,0,0,0
Anser_indicus,5300,Y,N,M,Y,0,N,0,0,Anser_indicus,Anser_indicus,0,Anser_indicus,0
Anseranas_semipalmata,500,N,N,M,Y,0,M,0,0,0,0,0,0,0
Anthracoceros_coronatus,500,N,N,N,Y,0,Y,0,0,0,0,0,0,Anthracoceros_coronatus
Anthropoides_paradiseus,2000,N,N,M,Y,0,M,0,0,0,0,0,0,0
Anthropoides_virgo,3000,Y,N,M,Y,0,M,0,0,0,Anthropoides_virgo,0,0,0
Anthus_hodgsoni,4000,Y,N,N,Y,0,Y,0,0,0,Anthus_hodgsoni,0,0,0
Anthus_novaeseelandiae,2000,N,N,N,Y,0,N,0,0,0,0,0,0,0
Apaloderma_narina,3400,N,N,N,Y,0,Y,0,0,0,0,0,0,0
Aptenodytes_forsteri,100,N,Y,Y,N,0,N,Aptenodytes_forsteri,Aptenodytes_forsteri,0,0,Aptenodytes_forsteri,0,0
Apteryx_australis,500,N,N,N,N,0,Y,Apteryx_australis,0,0,0,0,0,0
Apteryx_haastii,1500,N,N,N,N,0,Y,Apteryx_haastii,0,0,0,0,0,0
Apteryx_mantelli,500,N,N,N,N,0,Y,Apteryx_mantelli,0,0,0,0,0,0
Apteryx_owenii,1000,N,N,N,N,0,Y,Apteryx_owenii,0,0,0,0,0,0
Apus_apus,4000,Y,N,,,0,Y,0,0,0,Apus_apus,0,0,0
Aquila_chrysaetos,,,,,,,,0,0,0,0,0,0,0
Aquila_heliaca,,,,,,,,0,0,0,0,0,0,0
Ara_ararauna,1500,M,N,N,Y,0,M,0,0,0,0,0,0,0
Ara_glaucogularis,300,M,N,N,Y,0,M,0,0,0,0,0,0,0
Ara_macao,1000,M,N,N,Y,0,M,0,0,0,0,0,0,0
Ara_militaris,2600,M,N,N,Y,0,Y,0,0,0,0,0,0,0
Ara_severus,1500,N,N,N,Y,0,Y,0,0,0,0,0,0,Ara_severus
Ara_tricolor,500,N,N,N,Y,0,Y,0,0,0,0,0,0,Ara_tricolor
Aratinga_acuticaudata,2650,M,N,N,Y,0,N,0,0,0,0,0,0,0
Aratinga_brevipes,1000,N,N,N,Y,500,Y,0,0,0,0,0,0,Aratinga_brevipes
Aratinga_mitrata,4000,M,N,N,Y,1000,Y,0,0,0,0,0,0,0
Aratinga_pertinax,1200,M,N,N,Y,0,N,0,0,0,0,0,0,0
Aratinga_rubritorquis,1800,M,N,N,Y,600,Y,0,0,0,0,0,0,0
Arborophila_ardens,1400,N,N,N,Y,500,Y,0,0,0,0,0,0,Arborophila_ardens
Arborophila_brunneopectus,1800,N,N,N,Y,0,Y,0,0,0,0,0,0,Arborophila_brunneopectus
Arborophila_gingica,1700,N,N,N,Y,150,Y,0,0,0,0,0,0,Arborophila_gingica
Arborophila_rufipectus,2500,N,N,N,Y,1000,Y,0,0,0,0,0,0,0
Arborophila_rufogularis,4000,N,N,N,Y,600,Y,0,0,0,0,0,0,0
Archilochus_colubris,1900,Y,N,N,Y,0,Y,0,0,0,Archilochus_colubris,0,0,0
Ardea_cinerea,2000,M,N,M,Y,0,M,0,0,0,0,0,0,0
Ardea_intermedia,1500,M,N,M,Y,0,M,0,0,0,0,0,0,0
Ardea_modesta,4000,M,N,M,Y,0,M,0,0,0,0,0,0,0
Ardea_novaehollandiae,1500,M,N,M,Y,0,M,0,0,0,0,0,0,0
Ardea_purpurea,2000,M,N,M,Y,0,M,0,0,0,0,0,0,0
Ardeola_bacchus,4000,M,N,M,Y,0,M,0,0,0,0,0,0,0
Arenaria_interpres,4500,Y,N,N,Y,0,M,0,0,Arenaria_interpres,Arenaria_interpres,0,0,0
Argusianus_argus,1500,N,N,N,Y,0,Y,0,0,0,0,0,0,Argusianus_argus
Arremon_aurantiirostris,3500,N,N,N,Y,200,Y,0,0,0,0,0,0,0
Asio_flammeus,4000,Y,N,N,Y,0,Y,0,0,0,Asio_flammeus,0,0,0
Asio_otus,2700,M,Y,N,Y,0,Y,0,0,0,0,Asio_otus,0,0
Athene_brama,1600,N,N,N,Y,0,Y,0,0,0,0,0,0,Athene_brama
Atlantisia_rogersi,400,N,N,N,N,0,Y,Atlantisia_rogersi,0,0,0,0,0,0
Attagis_gayi,5500,N,M,N,Y,1000,M,0,0,Attagis_gayi,0,0,Attagis_gayi,0
Aythya_americana,500,Y,N,Y,Y,0,M,0,Aythya_americana,0,Aythya_americana,0,0,0
Aythya_ferina,2500,Y,N,Y,Y,0,M,0,Aythya_ferina,0,Aythya_ferina,0,0,0
Aythya_fuligula,3000,Y,N,Y,Y,0,M,0,Aythya_fuligula,0,Aythya_fuligula,0,0,0
Balaeniceps_rex,500,N,N,M,Y,0,M,0,0,0,0,0,0,0
Balearica_pavonina,1000,N,N,M,Y,0,M,0,0,0,0,0,0,0
Balearica_regulorum,500,N,N,M,Y,0,M,0,0,0,0,0,0,0
Bambusicola_fytchii,3000,N,N,N,Y,500,Y,0,0,0,0,0,0,0
Bambusicola_thoracica,2000,N,N,N,Y,0,Y,0,0,0,0,0,0,0
Bombycilla_cedrorum,500,M,Y,N,Y,0,Y,0,0,0,0,Bombycilla_cedrorum,0,0
Bonasa_bonasia,1800,N,Y,N,Y,0,Y,0,0,0,0,Bonasa_bonasia,0,0
Botaurus_stellaris,1300,Y,N,M,Y,0,Y,0,0,0,Botaurus_stellaris,0,0,0
Brachygalba_albogularis,600,N,N,N,Y,0,Y,0,0,0,0,0,0,Brachygalba_albogularis
Branta_canadensis,2000,M,N,M,Y,0,M,0,0,0,0,0,0,0
Brotogeris_cyanoptera,1000,N,N,N,Y,0,Y,0,0,0,0,0,0,Brotogeris_cyanoptera
Bubo_blakistoni,200,N,Y,N,Y,0,Y,0,0,0,0,Bubo_blakistoni,0,0
Bubo_bubo,4500,N,Y,N,Y,0,Y,0,0,Bubo_bubo,0,Bubo_bubo,0,0
Bubo_flavipes,2500,N,N,N,Y,0,Y,0,0,0,0,0,0,0
Bubo_scandiacus,1000,Y,Y,N,Y,0,M,0,0,0,Bubo_scandiacus,Bubo_scandiacus,0,0
Bubulcus_ibis,4500,M,N,M,Y,0,M,0,0,Bubulcus_ibis,0,0,0,0
Bucco_macrodactylus,1000,N,N,N,Y,0,Y,0,0,0,0,0,0,Bucco_macrodactylus
Buceros_bicornis,2000,N,N,N,Y,0,Y,0,0,0,0,0,0,0
Buceros_rhinoceros,1400,N,N,N,Y,0,Y,0,0,0,0,0,0,Buceros_rhinoceros
Bucorvus_leadbeateri,3000,N,N,N,Y,0,N,0,0,0,0,0,0,0
Burhinus_grallarius,500,N,N,N,Y,0,N,0,0,0,0,0,0,0
Butastur_indicus,,,,,,,,0,0,0,0,0,0,0
Butastur_liventer,,,,,,,,0,0,0,0,0,0,0
Buteo_buteo,,,,,,,,0,0,0,0,0,0,0
Buteo_hemilasius,,,,,,,,0,0,0,0,0,0,0
Buteo_lagopus,,,,,,,,0,0,0,0,0,0,0
Butorides_striata,4000,M,N,M,Y,0,M,0,0,0,0,0,0,0
Bycanistes_brevis,2600,N,N,N,Y,0,Y,0,0,0,0,0,0,0
Cacatua_moluccensis,1200,N,N,N,Y,0,Y,0,0,0,0,0,0,Cacatua_moluccensis
Cacatua_pastinator,500,M,N,N,Y,0,Y,0,0,0,0,0,0,0
Cairina_moschata,500,N,N,M,Y,0,Y,0,0,0,0,0,0,Cairina_moschata
Callaeas_cinereus,500,N,N,N,Y,0,Y,0,0,0,0,0,0,Callaeas_cinereus
Callipepla_squamata,2100,N,N,N,Y,0,N,0,0,0,0,0,0,0
Calliphlox_amethystina,1500,N,N,N,Y,0,Y,0,0,0,0,0,0,Calliphlox_amethystina
Caloenas_maculata,1000,N,N,N,Y,0,Y,0,0,0,0,0,0,Caloenas_maculata
Caloenas_nicobarica,700,M,N,N,Y,0,Y,0,0,0,0,0,0,0
Calonectris_diomedea,,,,,,,,0,0,0,0,0,0,0
Caloperdix_oculeus,1200,N,N,N,Y,0,Y,0,0,0,0,0,0,Caloperdix_oculeus
Calyptorhynchus_baudinii,500,N,N,N,Y,0,Y,0,0,0,0,0,0,Calyptorhynchus_baudinii
Calyptorhynchus_lathami,500,N,N,N,Y,0,Y,0,0,0,0,0,0,Calyptorhynchus_lathami
Calyptorhynchus_latirostris,500,N,N,N,Y,0,Y,0,0,0,0,0,0,Calyptorhynchus_latirostris
Campephilus_guatemalensis,2000,N,N,N,Y,0,Y,0,0,0,0,0,0,0
Campephilus_imperialis,3000,N,N,N,Y,1600,Y,0,0,0,0,0,0,0
Campylorhynchus_brunneicapillus,2000,N,N,N,Y,0,N,0,0,0,0,0,0,0
Campylorhynchus_zonatus,3000,N,N,N,Y,0,Y,0,0,0,0,0,0,0
Capito_niger,800,N,N,N,Y,0,Y,0,0,0,0,0,0,Capito_niger
Caprimulgus_indicus,2100,N,N,N,Y,0,Y,0,0,0,0,0,0,0
Cardinalis_cardinalis,2000,N,N,N,Y,0,Y,0,0,0,0,0,0,0
Carduelis_pinus,4000,M,M,N,Y,0,Y,0,0,0,0,0,0,0
Carduelis_psaltria,3100,M,N,N,Y,0,Y,0,0,0,0,0,0,0
Carduelis_sinica,2400,M,N,N,Y,0,Y,0,0,0,0,0,0,0
Carduelis_spinus,2000,M,M,N,Y,0,Y,0,0,0,0,0,0,0
Carduelis_tristis,1000,M,M,N,Y,0,M,0,0,0,0,0,0,0
Carpodacus_erythrinus,4500,Y,N,N,Y,0,Y,0,0,Carpodacus_erythrinus,Carpodacus_erythrinus,0,0,0
Carpodacus_mexicanus,2000,M,M,N,Y,0,Y,0,0,0,0,0,0,0
Carpodacus_roseus,2500,M,M,N,Y,0,Y,0,0,0,0,0,0,0
Casuarius_bennetti,3300,N,N,N,N,0,N,Casuarius_bennetti,0,0,0,0,0,0
Casuarius_casuarius,1100,N,N,N,N,0,N,Casuarius_casuarius,0,0,0,0,0,0
Catharacta_skua,,,,,,,,0,0,0,0,0,0,0
Cathartes_aura,,,,,,,,0,0,0,0,0,0,0
Cecropis_daurica,3900,M,M,N,Y,0,N,0,0,0,0,0,0,0
Ceryle_rudis,2500,N,N,Y,Y,0,Y,0,Ceryle_rudis,0,0,0,0,0
Chaetura_pelagica,3200,Y,N,N,Y,0,M,0,0,0,Chaetura_pelagica,0,0,0
Chalcophaps_indica,2200,M,N,N,Y,0,Y,0,0,0,0,0,0,0
Charadrius_placidus,2700,Y,N,M,Y,0,M,0,0,0,Charadrius_placidus,0,0,0
Charadrius_vociferus,2400,M,N,M,Y,0,Y,0,0,0,0,0,0,0
Chionis_minor,,,,,,,,0,0,0,0,0,0,0
Chloroceryle_aenea,2600,N,N,Y,Y,0,Y,0,Chloroceryle_aenea,0,0,0,0,0
Chlorophanes_spiza,2300,N,N,N,Y,0,Y,0,0,0,0,0,0,0
Chroicocephalus_ridibundus,,,,,,,,0,0,0,0,0,0,0
Chrysolampis_mosquitus,1700,M,N,N,Y,0,Y,0,0,0,0,0,0,0
Chrysolophus_amherstiae,4600,N,M,N,Y,1800,Y,0,0,Chrysolophus_amherstiae,0,0,0,0
Chrysolophus_pictus,2600,N,N,N,Y,800,Y,0,0,0,0,0,0,0
Chrysomus_cyanopus,500,N,N,N,Y,0,Y,0,0,0,0,0,0,Chrysomus_cyanopus
Chrysomus_icterocephalus,2600,N,N,N,Y,0,Y,0,0,0,0,0,0,0
Chrysomus_ruficapillus,500,N,N,N,Y,0,Y,0,0,0,0,0,0,Chrysomus_ruficapillus
Chrysomus_thilius,4000,M,N,N,Y,0,Y,0,0,0,0,0,0,0
Chrysomus_xanthophthalmus,650,N,N,N,Y,0,Y,0,0,0,0,0,0,Chrysomus_xanthophthalmus
Ciconia_boyciana,,,,,,,,0,0,0,0,0,0,0
Ciconia_ciconia,3300,Y,N,M,Y,0,N,0,0,0,Ciconia_ciconia,0,0,0
Ciconia_nigra,2000,Y,N,M,Y,0,N,0,0,0,Ciconia_nigra,0,0,0
Circus_cyaneus,2500,Y,N,N,Y,0,Y,0,0,0,Circus_cyaneus,0,0,0
Circus_melanoleucos,2000,Y,N,N,Y,0,Y,0,0,0,Circus_melanoleucos,0,0,0
Cnemotriccus_fuscatus,2000,N,N,N,Y,0,Y,0,0,0,0,0,0,0
Coccothraustes_coccothraustes,2200,M,M,N,Y,0,Y,0,0,0,0,0,0,0
Colinus_virginianus,2000,N,M,N,Y,0,Y,0,0,0,0,0,0,0
Columba_jouyi,2000,N,N,N,Y,0,Y,0,0,0,0,0,0,0
Columba_livia,3000,M,M,N,Y,0,N,0,0,0,0,0,0,0
Columba_rupestris,6000,M,M,N,Y,2000,M,0,0,Columba_rupestris,0,0,Columba_rupestris,0
Copsychus_saularis,1500,N,N,N,Y,0,Y,0,0,0,0,0,0,Copsychus_saularis
Coracopsis_vasa,1000,N,N,N,Y,0,Y,0,0,0,0,0,0,Coracopsis_vasa
Corvus_brachyrhynchos,2000,M,M,N,Y,0,M,0,0,0,0,0,0,0
Corvus_corax,3000,M,M,N,Y,0,M,0,0,0,0,0,0,0
Corvus_coronoides,2000,M,M,N,Y,0,M,0,0,0,0,0,0,0
Corvus_cryptoleucus,2400,M,N,N,Y,0,Y,0,0,0,0,0,0,0
Corvus_frugilegus,2000,M,M,N,Y,0,Y,0,0,0,0,0,0,0
Corvus_hawaiiensis,2000,N,N,N,Y,0,Y,0,0,0,0,0,0,0
Corvus_macrorhynchos,4500,M,M,N,Y,0,M,0,0,Corvus_macrorhynchos,0,0,0,0
Corvus_moriorum,1000,N,N,N,Y,0,Y,0,0,0,0,0,0,Corvus_moriorum
Corvus_ruficollis,2000,N,N,N,Y,0,N,0,0,0,0,0,0,0
Corvus_splendens,2000,N,N,N,Y,0,Y,0,0,0,0,0,0,0
Corythornis_leucogaster,1800,N,N,Y,Y,0,Y,0,Corythornis_leucogaster,0,0,0,0,Corythornis_leucogaster
Coturnicops_exquisitus,1000,Y,N,N,Y,0,Y,0,0,0,Coturnicops_exquisitus,0,0,0
Coturnix_chinensis,2300,M,M,N,Y,0,Y,0,0,0,0,0,0,0
Coturnix_japonica,3000,Y,N,N,Y,0,Y,0,0,0,Coturnix_japonica,0,0,0
Crax_daubentoni,1500,N,N,N,Y,0,Y,0,0,0,0,0,0,Crax_daubentoni
Crax_rubra,1200,N,N,N,Y,0,Y,0,0,0,0,0,0,Crax_rubra
Crossoptilon_auritum,4400,N,M,N,Y,2000,Y,0,0,Crossoptilon_auritum,0,0,0,0
Crossoptilon_crossoptilon,4300,N,M,N,Y,2500,Y,0,0,Crossoptilon_crossoptilon,0,0,0,0
Crossoptilon_harmani,5000,N,M,N,Y,2400,Y,0,0,Crossoptilon_harmani,0,0,0,0
Crossoptilon_mantchuricum,2600,N,M,N,Y,1100,Y,0,0,0,0,0,0,0
Crotophaga_ani,2500,N,N,N,Y,0,Y,0,0,0,0,0,0,0
Crypturellus_tataupa,1400,N,N,N,N,0,Y,Crypturellus_tataupa,0,0,0,0,0,0
Cuculus_poliocephalus,3600,Y,N,N,Y,0,Y,0,0,0,Cuculus_poliocephalus,0,0,0
Curaeus_curaeus,1500,N,N,N,Y,0,Y,0,0,0,0,0,0,Curaeus_curaeus
Cursorius_temminckii,2500,M,N,N,Y,0,N,0,0,0,0,0,0,0
Cyanistes_cyanus,2500,M,Y,N,Y,0,Y,0,0,0,0,Cyanistes_cyanus,0,0
Cyanopica_cyanus,1600,N,Y,N,Y,0,Y,0,0,0,0,Cyanopica_cyanus,0,0
Cyanoptila_cyanomelana,1800,Y,N,N,Y,0,Y,0,0,0,Cyanoptila_cyanomelana,0,0,0
Cygnus_atratus,1000,N,N,M,Y,0,Y,0,0,0,0,0,0,Cygnus_atratus
Cygnus_columbianus,1000,Y,N,M,Y,0,Y,0,0,0,Cygnus_columbianus,0,0,0
Cygnus_cygnus,1850,Y,N,M,Y,0,Y,0,0,0,Cygnus_cygnus,0,0,0
Cygnus_olor,1000,Y,N,M,Y,0,Y,0,0,0,Cygnus_olor,0,0,0
Cypseloides_fumigatus,2100,M,N,N,Y,700,Y,0,0,0,0,0,0,0
Dacelo_novaeguineae,1000,N,N,N,Y,0,Y,0,0,0,0,0,0,Dacelo_novaeguineae
Dendrocopos_leucotos,1700,N,Y,N,Y,0,Y,0,0,0,0,Dendrocopos_leucotos,0,0
Dendrocopos_major,2500,N,Y,N,Y,0,Y,0,0,0,0,Dendrocopos_major,0,0
Dendrocygna_javanica,1000,M,N,M,Y,0,Y,0,0,0,0,0,0,0
Dendroica_coronata,1000,Y,N,N,Y,0,Y,0,0,0,Dendroica_coronata,0,0,0
Deroptyus_accipitrinus,1000,N,N,N,Y,0,Y,0,0,0,0,0,0,Deroptyus_accipitrinus
Didunculus_strigirostris,1600,N,N,N,Y,300,Y,0,0,0,0,0,0,Didunculus_strigirostris
Dinornis_giganteus,1000,N,N,N,N,0,N,Dinornis_giganteus,0,0,0,0,0,0
Diomedea_chrysostoma,,,,,,,,0,0,0,0,0,0,0
Dives_dives,2000,N,N,N,Y,0,Y,0,0,0,0,0,0,0
Dromaius_novaehollandiae,1000,N,N,N,N,0,N,Dromaius_novaehollandiae,0,0,0,0,0,0
Dryocopus_pileatus,2300,N,M,N,Y,0,Y,0,0,0,0,0,0,0
Dupetor_flavicollis,,,,,,,,0,0,0,0,0,0,0
Eclectus_roratus,2000,N,N,N,Y,0,Y,0,0,0,0,0,0,0
Ectopistes_migratorius,2000,Y,M,N,Y,0,Y,0,0,0,Ectopistes_migratorius,0,0,0
Egretta_eulophotes,1000,Y,N,M,Y,0,Y,0,0,0,Egretta_eulophotes,0,0,0
Egretta_garzetta,2000,M,N,M,Y,0,Y,0,0,0,0,0,0,0
Egretta_sacra,400,N,N,M,Y,0,Y,0,0,0,0,0,0,Egretta_sacra
Emberiza_aureola,1000,Y,N,N,Y,0,Y,0,0,0,Emberiza_aureola,0,0,0
Emberiza_chrysophrys,1000,Y,N,N,Y,0,Y,0,0,0,Emberiza_chrysophrys,0,0,0
Emberiza_cioides,1000,M,M,N,Y,0,M,0,0,0,0,0,0,0
Emberiza_elegans,1000,M,M,N,Y,0,Y,0,0,0,0,0,0,0
Emberiza_fucata,1000,M,M,N,Y,0,Y,0,0,0,0,0,0,0
Emberiza_jankowskii,1000,M,M,N,Y,0,Y,0,0,0,0,0,0,0
Emberiza_leucocephalos,1000,Y,N,N,Y,0,Y,0,0,0,Emberiza_leucocephalos,0,0,0
Emberiza_pusilla,1000,Y,N,N,Y,0,Y,0,0,0,Emberiza_pusilla,0,0,0
Emberiza_rustica,1000,Y,N,N,Y,0,Y,0,0,0,Emberiza_rustica,0,0,0
Emberiza_rutila,1000,Y,N,N,Y,0,Y,0,0,0,Emberiza_rutila,0,0,0
Emberiza_spodocephala,1000,Y,N,N,Y,0,Y,0,0,0,Emberiza_spodocephala,0,0,0
Emberiza_sulphurata,1500,M,M,N,Y,500,Y,0,0,0,0,0,0,0
Emberiza_tristrami,1000,Y,N,N,Y,0,Y,0,0,0,Emberiza_tristrami,0,0,0
Emeus_crassus,1000,N,N,N,N,0,N,Emeus_crassus,0,0,0,0,0,0
Eolophus_roseicapillus,1000,M,N,N,Y,0,M,0,0,0,0,0,0,0
Eophona_migratoria,1000,Y,N,N,Y,0,Y,0,0,0,Eophona_migratoria,0,0,0
Eophona_personata,1000,Y,N,N,Y,0,Y,0,0,0,Eophona_personata,0,0,0
Eopsaltria_australis,1000,N,N,N,Y,0,Y,0,0,0,0,0,0,Eopsaltria_australis
Eopsaltria_georgiana,1000,N,N,N,Y,0,Y,0,0,0,0,0,0,Eopsaltria_georgiana
Eopsaltria_griseogularis,1000,N,N,N,Y,0,Y,0,0,0,0,0,0,Eopsaltria_griseogularis
Epthianura_albifrons,1000,N,N,N,Y,0,Y,0,0,0,0,0,0,Epthianura_albifrons
Eremopsaltria_mongolica,4500,N,N,N,Y,500,M,0,0,Eremopsaltria_mongolica,0,0,0,0
Eudocimus_ruber,1000,N,N,M,Y,0,N,0,0,0,0,0,0,0
Eudromia_elegans,2500,M,N,N,N,0,N,Eudromia_elegans,0,0,0,0,0,0
Eudynamys_taitensis,1500,Y,N,,,0,Y,0,0,0,Eudynamys_taitensis,0,0,0
Eudyptes_chrysocome,500,N,M,Y,N,0,N,Eudyptes_chrysocome,Eudyptes_chrysocome,0,0,0,0,0
Eudyptula_minor,500,N,N,Y,N,0,N,Eudyptula_minor,Eudyptula_minor,0,0,0,0,0
Eulabeornis_castaneoventris,1000,N,N,N,Y,0,N,0,0,0,0,0,0,0
Euphagus_cyanocephalus,3000,Y,N,N,Y,0,Y,0,0,0,Euphagus_cyanocephalus,0,0,0
Eupsittula_pertinax,1200,N,N,N,Y,0,N,0,0,0,0,0,0,0
Eurynorhynchus_pygmeus,1000,Y,N,M,Y,0,Y,0,0,0,Eurynorhynchus_pygmeus,0,0,0
Eurystomus_orientalis,1000,M,N,N,Y,0,Y,0,0,0,0,0,0,0
Falco_amurensis,,,,,,,,0,0,0,0,0,0,0
Falco_cherrug,,,,,,,,0,0,0,0,0,0,0
Falco_columbarius,,,,,,,,0,0,0,0,0,0,0
Falco_naumanni,,,,,,,,0,0,0,0,0,0,0
Falco_peregrinus,,,,,,,,0,0,0,0,0,0,0
Falco_rusticolus,,,,,,,,0,0,0,0,0,0,0
Falco_sparverius,,,,,,,,0,0,0,0,0,0,0
Falco_tinnunculus,,,,,,,,0,0,0,0,0,0,0
Ficedula_albicollis,1600,Y,N,N,Y,0,Y,0,0,0,Ficedula_albicollis,0,0,0
Ficedula_zanthopygia,1000,Y,N,N,Y,0,Y,0,0,0,Ficedula_zanthopygia,0,0,0
Florisuga_fusca,1400,M,N,N,Y,0,Y,0,0,0,0,0,0,0
Florisuga_mellivora,1000,M,N,N,Y,0,Y,0,0,0,0,0,0,0
Forpus_modestus,1000,M,N,N,Y,0,Y,0,0,0,0,0,0,0
Forpus_passerinus,1800,N,N,N,Y,0,Y,0,0,0,0,0,0,Forpus_passerinus
Francolinus_pintadeanus,1500,N,N,N,Y,0,Y,0,0,0,0,0,0,Francolinus_pintadeanus
Fratercula_arctica,1000,Y,N,Y,Y,0,N,0,Fratercula_arctica,0,Fratercula_arctica,0,0,0
Fregata_sp.,,,,,,,,0,0,0,0,0,0,0
Fringilla_coelebs,2500,M,M,N,Y,0,Y,0,0,0,0,0,0,0
Fringilla_montifringilla,3050,Y,N,N,Y,0,Y,0,0,0,Fringilla_montifringilla,0,0,0
Fringilla_polatzeki,1200,N,N,N,Y,700,Y,0,0,0,0,0,0,Fringilla_polatzeki
Fringilla_teydea,2300,N,N,N,Y,1200,Y,0,0,0,0,0,0,0
Fulica_atra,1000,M,N,M,Y,0,Y,0,0,0,0,0,0,0
Galbula_albirostris,1300,N,N,N,Y,0,Y,0,0,0,0,0,0,Galbula_albirostris
Gallicolumba_luzonica,1400,N,N,N,Y,0,Y,0,0,0,0,0,0,Gallicolumba_luzonica
Gallicrex_cinerea,1000,M,N,M,Y,0,Y,0,0,0,0,0,0,0
Gallinago_stenura,2500,Y,N,M,Y,0,Y,0,0,0,Gallinago_stenura,0,0,0
Gallinula_chloropus,3000,M,N,M,Y,0,Y,0,0,0,0,0,0,0
Gallirallus_australis,1500,N,N,N,N,0,Y,Gallirallus_australis,0,0,0,0,0,0
Gallirallus_okinawae,500,N,N,N,N,0,Y,Gallirallus_okinawae,0,0,0,0,0,0
Gallirallus_philippensis,3600,N,N,N,Y,0,Y,0,0,0,0,0,0,0
Gallus_gallus,,,,,,,,0,0,0,0,0,0,0
Gallus_lafayetii,2300,N,N,N,Y,0,Y,0,0,0,0,0,0,0
Gallus_sonneratii,2400,N,N,N,Y,0,Y,0,0,0,0,0,0,0
Gallus_varius,3000,N,N,N,Y,0,Y,0,0,0,0,0,0,0
Garrulax_affinis,4600,N,N,N,Y,1300,Y,0,0,Garrulax_affinis,0,0,0,0
Garrulax_albogularis,3800,N,N,N,Y,300,Y,0,0,0,0,0,0,0
Garrulax_canorus,800,N,N,N,Y,0,Y,0,0,0,0,0,0,Garrulax_canorus
Garrulax_cineraceus,1700,N,N,N,Y,200,Y,0,0,0,0,0,0,Garrulax_cineraceus
Garrulax_elliotii,4200,N,N,N,Y,1000,Y,0,0,Garrulax_elliotii,0,0,0,0
Garrulax_formosus,3100,N,N,N,Y,900,Y,0,0,0,0,0,0,0
Garrulax_ocellatus,3660,N,N,N,Y,1100,Y,0,0,0,0,0,0,0
Garrulax_perspicillatus,1000,N,N,N,Y,0,Y,0,0,0,0,0,0,Garrulax_perspicillatus
Garrulax_poecilorhynchus,2100,N,N,N,Y,1100,Y,0,0,0,0,0,0,0
Garrulax_sannio,1800,N,N,N,Y,600,Y,0,0,0,0,0,0,Garrulax_sannio
Garrulus_glandarius,4000,N,Y,N,Y,0,Y,0,0,0,0,Garrulus_glandarius,0,0
Gavia_arctica,2000,Y,N,Y,Y,0,Y,0,Gavia_arctica,0,Gavia_arctica,0,0,0
Gavia_immer,2000,Y,N,Y,Y,0,Y,0,Gavia_immer,0,Gavia_immer,0,0,0
Gavia_pacifica,2000,Y,N,Y,Y,0,Y,0,Gavia_pacifica,0,Gavia_pacifica,0,0,0
Gavia_stellata,2000,Y,N,Y,Y,0,Y,0,Gavia_stellata,0,Gavia_stellata,0,0,0
Gelochelidon_nilotica,,,,,,,,0,0,0,0,0,0,0
Geobiastes_squamiger,600,N,N,N,Y,0,Y,0,0,0,0,0,0,Geobiastes_squamiger
Geococcyx_californianus,2500,N,N,N,Y,0,N,0,0,0,0,0,0,0
Geopelia_striata,2000,N,N,N,Y,0,Y,0,0,0,0,0,0,0
Geospiza_fortis,1700,N,N,N,Y,0,Y,0,0,0,0,0,0,Geospiza_fortis
Geospiza_magnirostris,1000,N,N,N,Y,0,Y,0,0,0,0,0,0,Geospiza_magnirostris
Geotrygon_violacea,1600,M,N,N,Y,0,Y,0,0,0,0,0,0,0
Gerygone_igata,1600,N,N,N,Y,0,Y,0,0,0,0,0,0,Gerygone_igata
Glaucidium_brodiei,2700,N,N,N,Y,1300,Y,0,0,0,0,0,0,0
Glaucidium_cuculoides,2700,N,N,N,Y,0,Y,0,0,0,0,0,0,0
Glaucis_hirsutus,3500,N,N,N,Y,0,Y,0,0,0,0,0,0,0
Gnorimopsar_chopi,3400,N,N,N,Y,0,Y,0,0,0,0,0,0,0
Gorsachius_goisagi,2400,Y,N,M,Y,0,Y,0,0,0,Gorsachius_goisagi,0,0,0
Gorsachius_magnificus,2000,M,N,M,Y,0,Y,0,0,0,0,0,0,0
Gorsachius_melanolophus,2100,M,N,M,Y,0,Y,0,0,0,0,0,0,0
Goura_cristata,5000,N,N,N,Y,0,Y,0,0,Goura_cristata,0,0,0,0
Goura_scheepmakeri,800,N,N,N,Y,0,Y,0,0,0,0,0,0,Goura_scheepmakeri
Goura_sclaterii,500,N,N,N,Y,0,Y,0,0,0,0,0,0,Goura_sclaterii
Goura_victoria,600,N,N,N,Y,0,Y,0,0,0,0,0,0,Goura_victoria
Gracula_religiosa,2000,N,N,N,Y,0,Y,0,0,0,0,0,0,0
Grus_americana,1000,Y,N,M,Y,0,Y,0,0,0,Grus_americana,0,0,0
Grus_antigone,1000,M,N,M,Y,0,Y,0,0,0,0,0,0,0
Grus_canadensis,1000,Y,N,M,Y,0,Y,0,0,0,Grus_canadensis,0,0,0
Grus_carunculatus,2000,M,N,M,Y,0,M,0,0,0,0,0,0,0
Grus_grus,1000,Y,N,M,Y,0,Y,0,0,0,Grus_grus,0,0,0
Grus_japonensis,1000,Y,N,M,Y,0,Y,0,0,0,Grus_japonensis,0,0,0
Grus_leucogeranus,1000,Y,N,M,Y,0,Y,0,0,0,Grus_leucogeranus,0,0,0
Grus_monacha,1000,Y,N,M,Y,0,Y,0,0,0,Grus_monacha,0,0,0
Grus_nigricollis,4900,M,N,M,Y,1300,Y,0,0,Grus_nigricollis,0,0,0,0
Grus_paradisea,,,,,,,,0,0,0,0,0,0,0
Grus_rubicunda,1000,N,N,M,Y,0,Y,0,0,0,0,0,0,Grus_rubicunda
Grus_vipio,1000,Y,N,M,Y,0,Y,0,0,0,Grus_vipio,0,0,0
Grus_virgo,,,,,,,,0,0,0,0,0,0,0
Gymnomystax_mexicanus,950,N,N,M,Y,0,Y,0,0,0,0,0,0,Gymnomystax_mexicanus
Gyps_fulvus,,,,,,,,0,0,0,0,0,0,0
Gyps_himalayensis,6000,N,N,N,Y,1500,N,0,0,Gyps_himalayensis,0,0,Gyps_himalayensis,0
Haematopus_ater,1000,M,N,M,Y,0,N,0,0,0,0,0,0,0
Haematopus_ostralegus,1000,Y,N,M,Y,0,N,0,0,0,Haematopus_ostralegus,0,0,0
Haematortyx_sanguiniceps,1700,N,N,N,Y,1000,Y,0,0,0,0,0,0,Haematortyx_sanguiniceps
Haemorhous_cassinii,3000,M,M,N,Y,1000,Y,0,0,0,0,0,0,0
Haemorhous_mexicanus,2000,M,M,N,Y,0,Y,0,0,0,0,0,0,0
Halcyon_coromanda,1800,M,N,Y,Y,460,Y,0,Halcyon_coromanda,0,0,0,0,0
Halcyon_pileata,2000,Y,N,Y,Y,0,Y,0,Halcyon_pileata,0,Halcyon_pileata,0,0,0
Halcyon_smyrnensis,3000,M,N,Y,Y,0,Y,0,Halcyon_smyrnensis,0,0,0,0,0
Heliodoxa_aurescens,1400,N,N,N,Y,0,Y,0,0,0,0,0,0,Heliodoxa_aurescens
Heliornis_fulica,1000,N,N,M,Y,0,Y,0,0,0,0,0,0,Heliornis_fulica
Hemignathus_flavus,2000,N,N,N,Y,500,Y,0,0,0,0,0,0,0
Hemignathus_parvus,2500,N,N,N,Y,600,Y,0,0,0,0,0,0,0
Hemignathus_stejnegeri,2500,N,N,N,Y,300,Y,0,0,0,0,0,0,0
Hemignathus_virens,2500,N,N,N,Y,300,Y,0,0,0,0,0,0,0
Hemiphaga_novaeseelandiae,1000,N,N,N,Y,0,Y,0,0,0,0,0,0,Hemiphaga_novaeseelandiae
Henicorhina_leucosticta,1800,N,N,N,Y,0,Y,0,0,0,0,0,0,Henicorhina_leucosticta
Hesperiphona_vespertina,3000,N,N,N,Y,0,Y,0,0,0,0,0,0,0
Heteralocha_acutirostris,2500,N,N,N,Y,0,Y,0,0,0,0,0,0,0
Hieraaetus_fasciatus,,,,,,,,0,0,0,0,0,0,0
Himantopus_himantopus,4200,M,N,M,Y,0,Y,0,0,Himantopus_himantopus,0,0,0,0
Himantopus_mexicanus,,,,,,,,0,0,0,0,0,0,0
Himatione_sanguinea,2500,N,N,N,Y,300,Y,0,0,0,0,0,0,0
Hirundo_rustica,3000,Y,N,N,Y,0,Y,0,0,0,Hirundo_rustica,0,0,0
Hyliota_flavigaster,1000,N,N,N,Y,0,N,0,0,0,0,0,0,0
Hylocharis_cyanus,1200,M,N,N,Y,0,Y,0,0,0,0,0,0,0
Ichthyaetus_relictus,,,,,,,,0,0,0,0,0,0,0
Icterus_bullockii,3000,Y,N,N,Y,0,Y,0,0,0,Icterus_bullockii,0,0,0
Icterus_mesomelas,1700,N,N,N,Y,0,Y,0,0,0,0,0,0,Icterus_mesomelas
Indicator_maculatus,2100,N,N,N,Y,0,Y,0,0,0,0,0,0,0
Ithaginis_cruentus,4400,N,N,N,Y,2500,Y,0,0,Ithaginis_cruentus,0,0,0,0
Ixobrychus_cinnamomeus,1800,M,N,M,Y,0,Y,0,0,0,0,0,0,0
Ixobrychus_eurhythmus,1000,Y,N,M,Y,0,Y,0,0,0,Ixobrychus_eurhythmus,0,0,0
Ixobrychus_sinensis,1500,M,N,M,Y,0,Y,0,0,0,0,0,0,0
Ixos_mcclellandii,2700,N,N,N,Y,800,Y,0,0,0,0,0,0,0
Jacana_jacana,1000,N,N,N,Y,0,Y,0,0,0,0,0,0,Jacana_jacana
Jacana_spinosa,1800,N,N,N,Y,0,Y,0,0,0,0,0,0,Jacana_spinosa
Junco_hyemalis,2050,M,N,N,Y,0,Y,0,0,0,0,0,0,0
Jynx_ruficollis,2500,N,N,N,Y,500,Y,0,0,0,0,0,0,0
Lagopus_lagopus,1100,M,Y,N,Y,0,Y,0,0,0,0,Lagopus_lagopus,0,0
Lagopus_muta,5000,N,Y,N,Y,2000,Y,0,0,Lagopus_muta,0,Lagopus_muta,0,0
Lampropsar_tanagrinus,500,N,N,N,Y,0,Y,0,0,0,0,0,0,Lampropsar_tanagrinus
Lanius_cristatus,1400,Y,N,N,Y,0,Y,0,0,0,Lanius_cristatus,0,0,0
Lanius_isabellinus,2400,Y,N,N,Y,0,Y,0,0,0,Lanius_isabellinus,0,0,0
Lanius_schach,3000,N,N,N,Y,0,Y,0,0,0,0,0,0,0
Lanius_sphenocercus,1800,M,N,N,Y,0,Y,0,0,0,0,0,0,0
Lanius_tephronotus,4500,M,N,N,Y,0,Y,0,0,Lanius_tephronotus,0,0,0,0
Lanius_tigrinus,1000,Y,N,N,Y,0,Y,0,0,0,Lanius_tigrinus,0,0,0
Larus_brunnicephalus,,,,,,,,0,0,0,0,0,0,0
Larus_crassirostris,,,,,,,,0,0,0,0,0,0,0
Larus_dominicanus,,,,,,,,0,0,0,0,0,0,0
Larus_vegae,,,,,,,,0,0,0,0,0,0,0
Leiothrix_argentauris,1800,N,N,N,Y,0,Y,0,0,0,0,0,0,Leiothrix_argentauris
Leiothrix_lutea,3400,N,N,N,Y,75,Y,0,0,0,0,0,0,0
Lepidocolaptes_angustirostris,3000,N,N,N,Y,0,Y,0,0,0,0,0,0,0
Lepidothrix_coronata,1400,N,N,N,Y,0,Y,0,0,0,0,0,0,Lepidothrix_coronata
Leptotila_verreauxi,3200,N,N,N,Y,0,Y,0,0,0,0,0,0,0
Lerwa_lerwa,5500,N,M,N,Y,2500,Y,0,0,Lerwa_lerwa,0,0,Lerwa_lerwa,0
Leucosticte_arctoa,5500,M,M,N,Y,1300,Y,0,0,Leucosticte_arctoa,0,0,Leucosticte_arctoa,0
Leucosticte_brandti,5500,M,M,N,Y,1500,Y,0,0,Leucosticte_brandti,0,0,Leucosticte_brandti,0
Lewinia_muelleri,500,N,N,N,N,0,Y,Lewinia_muelleri,0,0,0,0,0,0
Limosa_lapponica,1000,Y,N,M,Y,0,Y,0,0,0,Limosa_lapponica,0,0,0
Lonchura_caniceps,2200,N,N,N,Y,1800,Y,0,0,0,0,0,0,0
Lonchura_castaneothorax,1800,N,N,N,Y,0,Y,0,0,0,0,0,0,Lonchura_castaneothorax
Lonchura_flaviprymna,500,M,N,N,Y,0,Y,0,0,0,0,0,0,0
Lonchura_forbesi,1000,N,N,N,Y,0,Y,0,0,0,0,0,0,Lonchura_forbesi
Lonchura_grandis,1300,N,N,N,Y,0,Y,0,0,0,0,0,0,Lonchura_grandis
Lonchura_hunsteini,1000,N,N,N,Y,0,Y,0,0,0,0,0,0,Lonchura_hunsteini
Lonchura_leucosticta,1000,N,N,N,Y,0,Y,0,0,0,0,0,0,Lonchura_leucosticta
Lonchura_melaena,1200,N,N,N,Y,0,Y,0,0,0,0,0,0,Lonchura_melaena
Lonchura_nevermanni,1000,N,N,N,Y,0,Y,0,0,0,0,0,0,Lonchura_nevermanni
Lonchura_nigerrima,,,,,,,,0,0,0,0,0,0,0
Lonchura_punctulata,3000,N,N,N,Y,0,Y,0,0,0,0,0,0,0
Lonchura_spectabilis,2500,N,N,N,Y,0,Y,0,0,0,0,0,0,0
Lonchura_striata,2500,N,N,N,Y,0,Y,0,0,0,0,0,0,0
Lonchura_stygia,1000,N,N,N,Y,0,Y,0,0,0,0,0,0,Lonchura_stygia
Lophophanes_dichrous,4500,N,M,N,Y,2000,Y,0,0,Lophophanes_dichrous,0,0,0,0
Lophophorus_lhuysii,4900,N,M,N,Y,2800,Y,0,0,Lophophorus_lhuysii,0,0,0,0
Lophophorus_sclateri,4200,N,M,N,Y,2500,Y,0,0,Lophophorus_sclateri,0,0,0,0
Lophornis_magnificus,1000,N,N,N,Y,0,Y,0,0,0,0,0,0,Lophornis_magnificus
Lophura_edwardsi,600,N,N,N,Y,0,Y,0,0,0,0,0,0,Lophura_edwardsi
Lophura_ignita,1300,N,N,N,Y,0,Y,0,0,0,0,0,0,Lophura_ignita
Lophura_nycthemera,2000,M,M,N,Y,300,Y,0,0,0,0,0,0,0
Lophura_swinhoii,2000,M,M,N,Y,300,Y,0,0,0,0,0,0,0
Loxia_curvirostra,4500,M,Y,N,Y,0,Y,0,0,Loxia_curvirostra,0,Loxia_curvirostra,0,0
Loxops_caeruleirostris,1200,N,N,N,Y,900,Y,0,0,0,0,0,0,Loxops_caeruleirostris
Loxops_coccineus,2000,N,N,N,Y,1100,Y,0,0,0,0,0,0,0
Loxops_mana,1900,N,N,N,Y,1000,Y,0,0,0,0,0,0,Loxops_mana
Luscinia_calliope,1500,Y,N,N,Y,0,Y,0,0,0,Luscinia_calliope,0,0,0
Luscinia_cyanura,3000,Y,N,N,Y,0,Y,0,0,0,Luscinia_cyanura,0,0,0
Lyrurus_tetrix,3000,N,Y,N,Y,0,Y,0,0,0,0,Lyrurus_tetrix,0,0
Machlolophus_spilonotus,2700,N,N,N,Y,800,Y,0,0,0,0,0,0,0
Macroagelaius_imthurni,2000,N,N,N,Y,700,Y,0,0,0,0,0,0,0
Malacoptila_fusca,1200,N,N,N,Y,700,Y,0,0,0,0,0,0,Malacoptila_fusca
Malurus_melanocephalus,1000,N,N,N,Y,0,Y,0,0,0,0,0,0,Malurus_melanocephalus
Megaceryle_lugubris,2800,N,N,Y,Y,0,Y,0,Megaceryle_lugubris,0,0,0,0,0
Megalaima_virens,300,N,N,N,Y,800,Y,0,0,0,0,0,0,Megalaima_virens
Megalurus_pryeri,1000,M,N,N,Y,0,Y,0,0,0,0,0,0,0
Megalurus_punctatus,1000,N,N,N,Y,0,Y,0,0,0,0,0,0,Megalurus_punctatus
Melamprosops_phaeosoma,2100,N,N,N,Y,1400,Y,0,0,0,0,0,0,0
Melanocorypha_mongolica,2000,M,N,N,Y,0,Y,0,0,0,0,0,0,0
Meleagris_gallopavo,2100,N,N,N,Y,0,Y,0,0,0,0,0,0,0
Meleagris_ocellata,300,N,N,N,Y,0,Y,0,0,0,0,0,0,Meleagris_ocellata
Melophus_lathami,2400,M,N,N,Y,0,Y,0,0,0,0,0,0,0
Melopsittacus_undulatus,1000,M,N,N,Y,0,N,0,0,0,0,0,0,0
Melospiza_melodia,2500,M,M,N,Y,0,Y,0,0,0,0,0,0,0
Menura_novaehollandiae,1000,N,N,N,Y,0,Y,0,0,0,0,0,0,Menura_novaehollandiae
Mergus_squamatus,1000,Y,N,N,Y,0,Y,0,0,0,Mergus_squamatus,0,0,0
Merops_nubicus,1000,M,N,N,Y,0,Y,0,0,0,0,0,0,0
Merops_viridis,800,M,N,N,Y,0,Y,0,0,0,0,0,0,0
Micrastur_gilvicollis,,,,,,,,0,0,0,0,0,0,0
Milvus_migrans,,,,,,,,0,0,0,0,0,0,0
Minla_ignotincta,3750,N,N,N,Y,300,Y,0,0,0,0,0,0,0
Mionectes_oleagineus,1800,N,N,N,Y,0,Y,0,0,0,0,0,0,Mionectes_oleagineus
Moho_braccatus,2000,N,N,N,Y,0,Y,0,0,0,0,0,0,0
Molothrus_aeneus,3000,M,N,N,Y,0,Y,0,0,0,0,0,0,0
Molothrus_badius,3100,Y,N,N,Y,0,Y,0,0,0,Molothrus_badius,0,0,0
Momotus_momota,1200,N,N,N,Y,0,Y,0,0,0,0,0,0,Momotus_momota
Monticola_gularis,1600,Y,N,N,Y,0,Y,0,0,0,Monticola_gularis,0,0,0
Montifringilla_adamsi,5200,M,M,N,Y,3500,Y,0,0,Montifringilla_adamsi,0,0,Montifringilla_adamsi,0
Montifringilla_nivalis,5300,N,M,N,Y,2000,Y,0,0,Montifringilla_nivalis,0,0,Montifringilla_nivalis,0
Montifringilla_ruficollis,5000,N,M,N,Y,3500,Y,0,0,Montifringilla_ruficollis,0,0,0,0
Montifringilla_taczanowskii,5100,N,M,N,Y,3500,Y,0,0,Montifringilla_taczanowskii,0,0,Montifringilla_taczanowskii,0
Morus_serrator,1000,Y,N,Y,Y,0,N,0,Morus_serrator,0,Morus_serrator,0,0,0
Motacilla_alba,5000,Y,N,N,Y,0,Y,0,0,Motacilla_alba,Motacilla_alba,0,0,0
Motacilla_cinerea,4100,Y,N,N,Y,0,Y,0,0,Motacilla_cinerea,Motacilla_cinerea,0,0,0
Motacilla_lugens,,,,,,,,0,0,0,0,0,0,0
Mullerornis_agilis,1000,N,N,N,N,0,N,Mullerornis_agilis,0,0,0,0,0,0
Myadestes_myadestinus,1300,N,N,N,Y,1000,Y,0,0,0,0,0,0,Myadestes_myadestinus
Myiopsitta_monachus,1000,N,N,N,Y,0,Y,0,0,0,0,0,0,Myiopsitta_monachus
Nannopterum_brasilianus,,,,,,,,0,0,0,0,0,0,0
Napothera_epilepidota,2100,N,N,N,Y,0,Y,0,0,0,0,0,0,0
Neophema_chrysogaster,1000,Y,N,N,Y,0,Y,0,0,0,Neophema_chrysogaster,0,0,0
Nesopsar_nigerrimus,2200,N,N,N,Y,0,Y,0,0,0,0,0,0,0
Nestor_notabilis,2000,N,N,N,Y,600,Y,0,0,0,0,0,0,0
Netta_rufina,4200,Y,M,Y,Y,0,Y,0,Netta_rufina,Netta_rufina,Netta_rufina,0,0,0
Niltava_davidi,1700,M,M,N,Y,0,Y,0,0,0,0,0,0,0
Ninox_novaeseelandiae,1000,N,N,N,Y,0,Y,0,0,0,0,0,0,Ninox_novaeseelandiae
Ninox_scutulata,1700,N,N,N,Y,0,Y,0,0,0,0,0,0,Ninox_scutulata
Ninox_strenua,1700,N,N,N,Y,0,Y,0,0,0,0,0,0,Ninox_strenua
Nipponia_nippon,1300,M,N,N,Y,0,Y,0,0,0,0,0,0,0
Nisaetus_alboniger,4000,M,M,N,Y,600,Y,0,0,0,0,0,0,0
Nisaetus_nipalensis,700,N,N,N,Y,0,Y,0,0,0,0,0,0,Nisaetus_nipalensis
Notiomystis_cincta,300,N,N,N,Y,0,Y,0,0,0,0,0,0,Notiomystis_cincta
Nucifraga_columbiana,3800,M,M,N,Y,1000,Y,0,0,0,0,0,0,0
Numenius_phaeopus,3600,Y,N,N,Y,0,Y,0,0,0,Numenius_phaeopus,0,0,0
Numida_meleagris,3000,N,N,N,Y,0,N,0,0,0,0,0,0,0
Nyctibius_grandis,1000,N,N,N,Y,0,Y,0,0,0,0,0,0,Nyctibius_grandis
Nyctibius_griseus,2000,N,N,N,Y,0,Y,0,0,0,0,0,0,0
Nycticorax_nycticorax,4800,M,N,N,Y,0,Y,0,0,Nycticorax_nycticorax,0,0,0,0
Nycticryphes_semicollaris,2000,N,N,N,Y,0,Y,0,0,0,0,0,0,0
Nyctyornis_amictus,1500,N,N,N,Y,0,Y,0,0,0,0,0,0,Nyctyornis_amictus
Nymphicus_hollandicus,2000,M,N,N,Y,0,M,0,0,0,0,0,0,0
Oedistoma_iliolophum,1750,N,N,N,Y,0,Y,0,0,0,0,0,0,Oedistoma_iliolophum
Oporornis_tolmiei,3000,Y,N,N,Y,1000,Y,0,0,0,Oporornis_tolmiei,0,0,0
Oreomystis_bairdi,2000,N,N,N,Y,1000,Y,0,0,0,0,0,0,0
Oreopsar_bolivianus,3500,N,N,N,Y,0,Y,0,0,0,0,0,0,0
Oreotrochilus_melanogaster,4400,M,N,N,Y,3500,Y,0,0,Oreotrochilus_melanogaster,0,0,0,0
Oriolus_chinensis,1600,M,N,N,Y,0,Y,0,0,0,0,0,0,0
Orthopsittaca_manilata,600,M,N,N,Y,0,M,0,0,0,0,0,0,0
Otidiphaps_nobilis,1900,N,N,N,Y,0,Y,0,0,0,0,0,0,Otidiphaps_nobilis
Otis_tarda,1000,M,N,N,Y,0,M,0,0,0,0,0,0,0
Otus_bakkamoena,2400,N,N,N,Y,0,Y,0,0,0,0,0,0,0
Otus_scops,2000,M,N,N,Y,0,Y,0,0,0,0,0,0,0
Padda_oryzivora,1500,N,N,N,Y,0,Y,0,0,0,0,0,0,Padda_oryzivora
Pandion_haliaetus,,,,,,,,0,0,0,0,0,0,0
Paradoxornis_fulvifrons,4570,N,N,N,Y,1500,Y,0,0,Paradoxornis_fulvifrons,0,0,0,0
Paradoxornis_gularis,1850,N,N,N,Y,450,Y,0,0,0,0,0,0,Paradoxornis_gularis
Paradoxornis_nipalensis,3300,N,N,N,Y,600,Y,0,0,0,0,0,0,0
Paradoxornis_webbianus,2000,N,N,N,Y,600,Y,0,0,0,0,0,0,0
Paroreomyza_montana,3500,N,N,N,Y,1000,Y,0,0,0,0,0,0,0
Parus_major,4450,M,M,N,Y,0,Y,0,0,Parus_major,0,0,0,0
Parus_monticolus,4000,N,N,N,Y,500,Y,0,0,0,0,0,0,0
Parus_venustulus,3000,N,N,N,Y,0,Y,0,0,0,0,0,0,0
Passer_ammodendri,1000,N,M,N,Y,0,N,0,0,0,0,0,0,0
Passer_domesticus,4600,N,M,N,Y,0,Y,0,0,Passer_domesticus,0,0,0,0
Passer_montanus,4400,M,M,N,Y,0,Y,0,0,Passer_montanus,0,0,0,0
Passerina_amoena,3000,Y,N,N,Y,0,Y,0,0,0,Passerina_amoena,0,0,0
Patagioenas_fasciata,3000,M,M,N,Y,0,Y,0,0,0,0,0,0,0
Pavo_cristatus,2000,N,N,N,Y,0,Y,0,0,0,0,0,0,0
Pavo_muticus,2000,N,N,N,Y,0,Y,0,0,0,0,0,0,0
Pedionomus_torquatus,1000,N,N,N,Y,0,Y,0,0,0,0,0,0,Pedionomus_torquatus
Pelagodroma_marina,,,,,,,,0,0,0,0,0,0,0
Pelecanus_conspicillatus,,,,,,,,0,0,0,0,0,0,0
Pelecanus_occidentalis,,,,,,,,0,0,0,0,0,0,0
Penelopides_panini,1500,N,N,N,Y,0,Y,0,0,0,0,0,0,Penelopides_panini
Perdix_dauurica,3400,N,M,N,Y,0,Y,0,0,0,0,0,0,0
Perdix_hodgsoniae,5600,N,M,N,Y,3600,Y,0,0,Perdix_hodgsoniae,0,0,Perdix_hodgsoniae,0
Perdix_perdix,2600,N,M,N,Y,0,Y,0,0,0,0,0,0,0
Pericrocotus_ethologus,3700,M,N,N,Y,900,Y,0,0,0,0,0,0,0
Periparus_ater,4550,M,Y,N,Y,0,Y,0,0,Periparus_ater,0,Periparus_ater,0,0
Petroica_australis,1000,N,N,N,Y,0,Y,0,0,0,0,0,0,Petroica_australis
Petroica_boodang,1000,M,N,N,Y,0,Y,0,0,0,0,0,0,0
Petroica_goodenovii,1000,M,N,,,0,N,0,0,0,0,0,0,0
Petroica_macrocephala,1000,N,N,N,Y,0,Y,0,0,0,0,0,0,Petroica_macrocephala
Petroica_phoenicea,1800,M,N,N,Y,0,Y,0,0,0,0,0,0,0
Pezophaps_solitaria,1000,N,N,N,N,0,M,Pezophaps_solitaria,0,0,0,0,0,0
Phaethon_lepturus,,,,,,,,0,0,0,0,0,0,0
Phaethon_rubricauda,,,,,,,,0,0,0,0,0,0,0
Phaethornis_malaris,1650,M,N,N,Y,0,Y,0,0,0,0,0,0,0
Phalacrocorax_carbo,1000,M,N,Y,Y,0,M,0,Phalacrocorax_carbo,0,0,0,0,0
Phalacrocorax_chalconotus,1000,N,N,Y,Y,0,M,0,Phalacrocorax_chalconotus,0,0,0,0,0
Phalcoboenus_australis,500,N,N,N,Y,0,Y,0,0,0,0,0,0,Phalcoboenus_australis
Pharomachrus_auriceps,3100,M,N,N,Y,1200,Y,0,0,0,0,0,0,0
Phasianus_colchicus,3500,M,M,N,Y,0,Y,0,0,0,0,0,0,0
Phasianus_versicolor,1100,N,M,N,Y,0,Y,0,0,0,0,0,0,0
Pheucticus_melanocephalus,3000,M,N,N,Y,0,Y,0,0,0,0,0,0,0
Philesturnus_carunculatus,1000,N,N,N,Y,0,Y,0,0,0,0,0,0,Philesturnus_carunculatus
Phodilus_badius,1800,N,N,N,Y,0,Y,0,0,0,0,0,0,Phodilus_badius
Phoebastria_albatrus,,,,,,,,0,0,0,0,0,0,0
Phoebastria_immutabilis,,,,,,,,0,0,0,0,0,0,0
Phoebastria_nigripes,,,,,,,,0,0,0,0,0,0,0
Phoenicopterus_roseus,,,,,,,,0,0,0,0,0,0,0
Phoenicopterus_ruber,,,,,,,,0,0,0,0,0,0,0
Phoeniculus_purpureus,2000,N,N,N,Y,0,Y,0,0,0,0,0,0,0
Phoenicurus_auroreus,3700,Y,N,N,Y,0,Y,0,0,0,Phoenicurus_auroreus,0,0,0
Phylloscopus_inornatus,2450,Y,N,N,Y,0,Y,0,0,0,Phylloscopus_inornatus,0,0,0
Pica_pica,4800,N,Y,N,Y,0,Y,0,0,Pica_pica,0,Pica_pica,0,0
Picathartes_gymnocephalus,1000,N,N,N,Y,0,Y,0,0,0,0,0,0,Picathartes_gymnocephalus
Picoides_pubescens,2750,N,Y,N,Y,0,Y,0,0,0,0,Picoides_pubescens,0,0
Picumnus_innominatus,3000,N,N,N,Y,0,Y,0,0,0,0,0,0,0
Pinguinus_impennis,1000,M,M,Y,N,0,M,Pinguinus_impennis,Pinguinus_impennis,0,0,0,0,0
Pinicola_enucleator,3100,M,Y,N,Y,0,Y,0,0,0,0,Pinicola_enucleator,0,0
Pionites_leucogaster,1000,M,N,N,Y,0,Y,0,0,0,0,0,0,0
Pionus_chalcopterus,2800,M,N,N,Y,1400,Y,0,0,0,0,0,0,0
Pionus_menstruus,1600,M,N,N,Y,0,Y,0,0,0,0,0,0,0
Pipile_pipile,1800,N,N,N,Y,0,Y,0,0,0,0,0,0,Pipile_pipile
Pipilo_maculatus,3300,M,M,N,Y,0,Y,0,0,0,0,0,0,0
Piranga_ludoviciana,3050,Y,N,N,Y,0,Y,0,0,0,Piranga_ludoviciana,0,0,0
Pitta_nympha,1300,Y,N,N,Y,0,Y,0,0,0,Pitta_nympha,0,0,0
Platalea_leucorodia,,,,,,,,0,0,0,0,0,0,0
Platalea_minor,,,,,,,,0,0,0,0,0,0,0
Pluvialis_fulva,2500,Y,N,N,Y,0,Y,0,0,0,Pluvialis_fulva,0,0,0
Pluvianellus_socialis,1200,M,N,N,Y,0,Y,0,0,0,0,0,0,0
Podiceps_cristatus,3000,Y,N,N,Y,0,Y,0,0,0,Podiceps_cristatus,0,0,0
Podoces_hendersoni,3800,N,M,N,Y,200,Y,0,0,0,0,0,0,0
Poecile_atricapilla,3200,N,Y,N,Y,0,Y,0,0,0,0,Poecile_atricapilla,0,0
Poecile_montanus,3900,N,Y,N,Y,0,Y,0,0,0,0,Poecile_montanus,0,0
Poecile_palustris,2100,N,M,N,Y,0,Y,0,0,0,0,0,0,0
Pogoniulus_bilineatus,1700,N,N,N,Y,0,Y,0,0,0,0,0,0,Pogoniulus_bilineatus
Poicephalus_gulielmi,3200,N,N,N,Y,0,Y,0,0,0,0,0,0,0
Polyplectron_bicalcaratum,2000,M,N,N,Y,0,Y,0,0,0,0,0,0,0
Polyplectron_germaini,1800,N,N,N,Y,0,Y,0,0,0,0,0,0,Polyplectron_germaini
Polyplectron_napoleonis,1500,M,N,N,Y,0,Y,0,0,0,0,0,0,0
Pomatorhinus_ruficollis,3400,N,N,N,Y,0,Y,0,0,0,0,0,0,0
Poospiza_cabanisi,500,N,N,N,Y,0,Y,0,0,0,0,0,0,Poospiza_cabanisi
Poospiza_lateralis,1800,N,N,N,Y,350,Y,0,0,0,0,0,0,Poospiza_lateralis
Poospiza_thoracica,1500,N,N,N,Y,800,Y,0,0,0,0,0,0,Poospiza_thoracica
Porphyrio_hochstetteri,1500,N,M,N,N,1000,M,Porphyrio_hochstetteri,0,0,0,0,0,0
Porphyrio_porphyrio,2500,M,N,M,Y,0,Y,0,0,0,0,0,0,0
Porzana_fusca,2000,M,N,N,Y,0,Y,0,0,0,0,0,0,0
Porzana_paykullii,1000,Y,N,N,Y,0,Y,0,0,0,Porzana_paykullii,0,0,0
Porzana_pusilla,2500,M,N,N,Y,0,Y,0,0,0,0,0,0,0
Primolius_couloni,1500,M,N,N,Y,0,Y,0,0,0,0,0,0,0
Primolius_maracana,1000,N,N,N,Y,0,Y,0,0,0,0,0,0,Primolius_maracana
Prioniturus_luconensis,700,M,N,N,Y,300,Y,0,0,0,0,0,0,0
Probosciger_aterrimus,1300,N,N,N,Y,0,Y,0,0,0,0,0,0,Probosciger_aterrimus
Procellaria_cinerea,,,,,,,,0,0,0,0,0,0,0
Prodotiscus_insignis,2200,N,N,N,Y,0,Y,0,0,0,0,0,0,0
Progne_chalybea,2000,M,N,N,Y,0,Y,0,0,0,0,0,0,0
Prosthemadera_novaeseelandiae,1500,N,N,N,Y,0,Y,0,0,0,0,0,0,Prosthemadera_novaeseelandiae
Prunella_fulvescens,5100,N,M,N,Y,1500,Y,0,0,Prunella_fulvescens,0,0,Prunella_fulvescens,0
Prunella_montanella,1000,Y,N,N,Y,0,Y,0,0,0,Prunella_montanella,0,0,0
Prunella_strophiata,4300,N,M,N,Y,2400,Y,0,0,Prunella_strophiata,0,0,0,0
Psephotellus_pulcherrimus,1000,N,N,N,Y,0,Y,0,0,0,0,0,0,Psephotellus_pulcherrimus
Pseudoleistes_guirahuro,1400,N,N,N,Y,0,Y,0,0,0,0,0,0,Pseudoleistes_guirahuro
Pseudoleistes_virescens,2100,M,N,N,Y,0,Y,0,0,0,0,0,0,0
Pseudonestor_xanthophrys,2400,N,N,N,Y,0,Y,0,0,0,0,0,0,0
Pseudopodoces_humilis,5500,N,N,N,Y,3100,Y,0,0,Pseudopodoces_humilis,0,0,Pseudopodoces_humilis,0
Psittacara_acuticaudatus,3600,M,N,N,Y,1500,M,0,0,0,0,0,0,0
Psittacara_brevipes,2600,M,N,N,Y,0,M,0,0,0,0,0,0,0
Psittacara_rubritorquis,2000,M,N,N,Y,0,M,0,0,0,0,0,0,0
Psittacus_erithacus,2000,N,N,N,Y,0,Y,0,0,0,0,0,0,0
Psittirostra_psittacea,2000,M,N,N,Y,0,Y,0,0,0,0,0,0,0
Psittrichas_fulgidus,2000,M,N,N,Y,500,Y,0,0,0,0,0,0,0
Pterocles_gutturalis,2000,M,N,N,Y,0,N,0,0,0,0,0,0,0
Pterocles_namaqua,2000,M,N,N,Y,0,N,0,0,0,0,0,0,0
Pterocnemia_pennata,2000,N,N,N,N,0,N,Pterocnemia_pennata,0,0,0,0,0,0
Pterodroma_brevirostris,,,,,,,,0,0,0,0,0,0,0
Pteroglossus_azara,1400,N,N,N,Y,0,Y,0,0,0,0,0,0,Pteroglossus_azara
Ptilopachus_petrosus,1500,N,N,N,Y,600,N,0,0,0,0,0,0,0
Pucrasia_macrolopha,4000,N,M,N,Y,1300,M,0,0,0,0,0,0,0
Pycnonotus_melanicterus,1200,N,N,N,Y,0,Y,0,0,0,0,0,0,Pycnonotus_melanicterus
Pycnonotus_sinensis,500,M,N,N,Y,0,Y,0,0,0,0,0,0,0
Pycnonotus_taivanus,500,N,N,N,Y,0,Y,0,0,0,0,0,0,Pycnonotus_taivanus
Pycnonotus_xanthorrhous,2300,N,N,N,Y,600,Y,0,0,0,0,0,0,0
Pygoscelis_adeliae,500,M,Y,Y,N,0,N,Pygoscelis_adeliae,Pygoscelis_adeliae,0,0,Pygoscelis_adeliae,0,0
Pygoscelis_antarcticus,500,M,Y,Y,N,0,N,Pygoscelis_antarcticus,Pygoscelis_antarcticus,0,0,Pygoscelis_antarcticus,0,0
Pygoscelis_papua,500,M,M,Y,N,0,N,Pygoscelis_papua,Pygoscelis_papua,0,0,0,0,0
Pyrgilauda_blanfordi,5500,N,M,N,Y,4000,N,0,0,Pyrgilauda_blanfordi,0,0,Pyrgilauda_blanfordi,0
Pyrgilauda_davidiana,3000,N,M,N,Y,1000,N,0,0,0,0,0,0,0
Pyrrhocorax_graculus,8200,N,M,N,Y,1200,M,0,0,Pyrrhocorax_graculus,0,0,Pyrrhocorax_graculus,0
Pyrrhocorax_pyrrhocorax,7900,N,M,N,Y,0,M,0,0,Pyrrhocorax_pyrrhocorax,0,0,Pyrrhocorax_pyrrhocorax,0
Pyrrhula_pyrrhula,3000,M,Y,N,Y,0,Y,0,0,0,0,Pyrrhula_pyrrhula,0,0
Pyrrhura_rupicola,1000,M,N,N,Y,0,Y,0,0,0,0,0,0,0
Quiscalus_quiscula,1000,M,N,N,Y,0,Y,0,0,0,0,0,0,0
Rallina_eurizonoides,1600,M,N,N,Y,0,Y,0,0,0,0,0,0,0
Raphus_cucullatus,1000,N,N,N,N,0,Y,Raphus_cucullatus,0,0,0,0,0,0
Recurvirostra_avosetta,,,,,,,,0,0,0,0,0,0,0
Regulus_calendula,3000,Y,N,N,Y,0,Y,0,0,0,Regulus_calendula,0,0,0
Regulus_regulus,4000,M,Y,N,Y,0,Y,0,0,0,0,Regulus_regulus,0,0
Remiz_consobrinus,1000,Y,N,N,Y,0,Y,0,0,0,Remiz_consobrinus,0,0,0
Rhea_americana,1000,N,N,N,Y,0,N,0,0,0,0,0,0,0
Rhinopomastus_cyanomelas,1100,M,N,N,Y,0,N,0,0,0,0,0,0,0
Rhipidura_fuliginosa,1500,M,N,N,Y,0,Y,0,0,0,0,0,0,0
Rhizothera_longirostris,1500,N,N,N,Y,0,Y,0,0,0,0,0,0,Rhizothera_longirostris
Rhynchopsitta_terrisi,3500,M,N,N,Y,2000,Y,0,0,0,0,0,0,0
Rhynchortyx_cinctus,1400,N,N,N,Y,0,Y,0,0,0,0,0,0,Rhynchortyx_cinctus
Rhynochetos_jubatus,1400,N,N,N,Y,0,Y,0,0,0,0,0,0,Rhynochetos_jubatus
Rhyticeros_undulatus,2500,N,N,N,Y,0,Y,0,0,0,0,0,0,0
Rissa_tridactyla,,,,,,,,0,0,0,0,0,0,0
Rynchops_niger,,,,,,,,0,0,0,0,0,0,0
Sagittarius_serpentarius,3100,M,N,N,Y,0,N,0,0,0,0,0,0,0
Sarothrura_ayresi,1900,M,N,N,Y,0,M,0,0,0,0,0,0,0
Sasia_ochracea,2600,N,N,N,Y,0,Y,0,0,0,0,0,0,0
Saundersilarus_saundersi,,,,,,,,0,0,0,0,0,0,0
Saxicola_rubicola,,,,,,,,0,0,0,0,0,0,0
Saxicola_torquata,3000,M,N,N,Y,0,Y,0,0,0,0,0,0,0
Sceloglaux_albifacies,2000,N,N,N,Y,0,Y,0,0,0,0,0,0,0
Schoeniclus_elegans,1000,M,N,N,Y,0,Y,0,0,0,0,0,0,0
Schoeniclus_siemsseni,2100,M,N,N,Y,0,Y,0,0,0,0,0,0,0
Scolopax_rusticola,2000,Y,N,N,Y,0,Y,0,0,0,Scolopax_rusticola,0,0,0
Scytalopus_magellanicus,3500,N,N,N,Y,0,Y,0,0,0,0,0,0,0
Serinus_albogularis,1000,M,N,N,Y,0,M,0,0,0,0,0,0,0
Serinus_canaria,1700,N,N,N,Y,0,Y,0,0,0,0,0,0,Serinus_canaria
Serinus_dorsostriatus,,,,,,,,0,0,0,0,0,0,0
Sicalis_olivascens,3800,N,M,N,Y,1500,N,0,0,0,0,0,0,0
Sitta_carolinensis,3500,M,M,N,Y,0,M,0,0,0,0,0,0,0
Smithornis_sharpei,1500,N,N,N,Y,0,Y,0,0,0,0,0,0,Smithornis_sharpei
Spheniscus_demersus,500,N,N,Y,N,1,M,Spheniscus_demersus,Spheniscus_demersus,0,0,0,0,0
Spheniscus_humboldti,500,N,N,Y,N,1,M,Spheniscus_humboldti,Spheniscus_humboldti,0,0,0,0,0
Spheniscus_magellanicus,500,N,N,Y,N,1,M,Spheniscus_magellanicus,Spheniscus_magellanicus,0,0,0,0,0
Spheniscus_mendiculus,500,N,N,Y,N,1,M,Spheniscus_mendiculus,Spheniscus_mendiculus,0,0,0,0,0
Spilornis_cheela,,,,,,,,0,0,0,0,0,0,0
Spizaetus_alboniger,,,,,,,,0,0,0,0,0,0,0
Spizaetus_nipalensis,,,,,,,,0,0,0,0,0,0,0
Spizella_atrogularis,2500,N,N,N,Y,0,M,0,0,0,0,0,0,0
Spizixos_semitorques,1500,N,N,N,Y,0,Y,0,0,0,0,0,0,Spizixos_semitorques
Sporophila_maximiliani,1000,N,N,N,Y,0,Y,0,0,0,0,0,0,Sporophila_maximiliani
Stachyris_ruficeps,3200,N,N,N,Y,0,Y,0,0,0,0,0,0,0
Stercorarius_maccormicki,,,,,,,,0,0,0,0,0,0,0
Sterna_eurygnatha,,,,,,,,0,0,0,0,0,0,0
Sterna_hirundo,,,,,,,,0,0,0,0,0,0,0
Sternula_albifrons,,,,,,,,0,0,0,0,0,0,0
Streptopelia_chinensis,1000,N,N,N,Y,0,Y,0,0,0,0,0,0,Streptopelia_chinensis
Streptopelia_decaocto,3000,M,M,N,Y,0,Y,0,0,0,0,0,0,0
Streptopelia_orientalis,4000,M,M,N,Y,0,M,0,0,0,0,0,0,0
Strigops_habroptilus,2000,N,N,N,N,0,Y,Strigops_habroptilus,0,0,0,0,0,0
Strix_leptogrammica,2700,N,N,N,Y,700,Y,0,0,0,0,0,0,0
Strix_occidentalis,2700,M,M,N,Y,0,Y,0,0,0,0,0,0,0
Strix_uralensis,5000,N,Y,N,Y,0,Y,0,0,Strix_uralensis,0,Strix_uralensis,0,0
Strix_varia,2500,N,Y,N,Y,0,Y,0,0,0,0,Strix_varia,0,0
Struthio_camelus,500,N,N,N,N,0,N,Struthio_camelus,0,0,0,0,0,0
Sturnella_neglecta,2200,M,M,N,Y,0,N,0,0,0,0,0,0,0
Sturnus_cineraceus,1300,M,N,N,Y,0,Y,0,0,0,0,0,0,0
Sturnus_nigricollis,2000,N,N,N,Y,0,Y,0,0,0,0,0,0,0
Sturnus_sericeus,1000,M,N,N,Y,0,Y,0,0,0,0,0,0,0
Sturnus_tristis,3000,M,N,N,Y,0,Y,0,0,0,0,0,0,0
Sturnus_vulgaris,2500,Y,N,N,Y,0,Y,0,0,0,Sturnus_vulgaris,0,0,0
Sula_dactylatra,1000,Y,N,Y,Y,1,N,0,Sula_dactylatra,0,Sula_dactylatra,0,0,0
Sylvia_atricapilla,2200,Y,N,N,Y,0,N,0,0,0,Sylvia_atricapilla,0,0,0
Sylvia_crassirostris,2000,Y,N,N,Y,0,N,0,0,0,Sylvia_crassirostris,0,0,0
Sylviparus_modestus,3400,M,M,N,Y,600,Y,0,0,0,0,0,0,0
Synthliboramphus_antiquus,1000,M,M,Y,Y,0,N,0,Synthliboramphus_antiquus,0,0,0,0,0
Synthliboramphus_wumizusume,1000,M,M,Y,Y,0,N,0,Synthliboramphus_wumizusume,0,0,0,0,0
Syrmaticus_ellioti,1900,N,N,N,Y,0,Y,0,0,0,0,0,0,Syrmaticus_ellioti
Syrmaticus_humiae,3000,N,M,N,Y,1200,Y,0,0,0,0,0,0,0
Syrmaticus_reevesii,2600,N,N,N,Y,200,Y,0,0,0,0,0,0,0
Syrmaticus_soemmerringi,1800,N,N,N,Y,0,Y,0,0,0,0,0,0,Syrmaticus_soemmerringi
Tachybaptus_novaehollandiae,3200,M,M,N,Y,0,Y,0,0,0,0,0,0,0
Tachybaptus_ruficollis,4000,M,N,N,Y,0,Y,0,0,0,0,0,0,0
Tachycineta_albilinea,1000,N,N,N,Y,0,Y,0,0,0,0,0,0,Tachycineta_albilinea
Tachycineta_albiventer,500,M,N,N,Y,0,Y,0,0,0,0,0,0,0
Tachycineta_bicolor,1000,Y,N,N,Y,0,Y,0,0,0,Tachycineta_bicolor,0,0,0
Tachycineta_cyaneoviridis,1000,M,N,N,Y,0,Y,0,0,0,0,0,0,0
Tachycineta_euchrysea,2000,N,N,N,Y,0,Y,0,0,0,0,0,0,0
Tachycineta_leucorrhoa,1000,M,N,N,Y,0,Y,0,0,0,0,0,0,0
Tachycineta_meyeni,1000,M,N,N,Y,0,Y,0,0,0,0,0,0,0
Tachycineta_stolzmanni,1000,N,N,N,Y,0,Y,0,0,0,0,0,0,Tachycineta_stolzmanni
Tachycineta_thalassina,4000,Y,N,N,Y,2000,Y,0,0,0,Tachycineta_thalassina,0,0,0
Tadorna_ferruginea,4650,Y,M,N,Y,0,Y,0,0,Tadorna_ferruginea,Tadorna_ferruginea,0,0,0
Tadorna_tadorna,2400,Y,M,N,Y,0,Y,0,0,0,Tadorna_tadorna,0,0,0
Taeniopygia_guttata,2300,M,N,N,Y,0,Y,0,0,0,0,0,0,0
Tanygnathus_lucionensis,1000,N,N,N,Y,0,Y,0,0,0,0,0,0,Tanygnathus_lucionensis
Terpsiphone_atrocaudata,1000,Y,N,N,Y,0,Y,0,0,0,Terpsiphone_atrocaudata,0,0,0
Tetraogallus_himalayensis,6000,N,Y,N,Y,2100,N,0,0,Tetraogallus_himalayensis,0,Tetraogallus_himalayensis,Tetraogallus_himalayensis,0
Tetraogallus_tibetanus,5800,N,Y,N,Y,2500,N,0,0,Tetraogallus_tibetanus,0,Tetraogallus_tibetanus,Tetraogallus_tibetanus,0
Tetraophasis_obscurus,4500,N,M,N,Y,2800,N,0,0,Tetraophasis_obscurus,0,0,0,0
Tetraophasis_szechenyii,4800,N,M,N,Y,3300,N,0,0,Tetraophasis_szechenyii,0,0,0,0
Tetrastes_bonasia,,,,,,,,0,0,0,0,0,0,0
Tetrastes_sewerzowi,4300,N,M,N,Y,2400,Y,0,0,Tetrastes_sewerzowi,0,0,0,0
Thalassarche_melanophris,,,,,,,,0,0,0,0,0,0,0
Thalassarche_melanophrys,,,,,,,,0,0,0,0,0,0,0
Thamnophilus_nigrocinereus,1000,N,N,N,Y,0,Y,0,0,0,0,0,0,Thamnophilus_nigrocinereus
Thraupis_episcopus,2000,N,N,N,Y,0,N,0,0,0,0,0,0,0
Threskiornis_aethiopicus,,,,,,,,0,0,0,0,0,0,0
Tinamus_guttatus,500,N,N,N,N,0,Y,Tinamus_guttatus,0,0,0,0,0,0
Tinamus_major,1500,N,N,N,N,0,Y,Tinamus_major,0,0,0,0,0,0
Tockus_camurus,800,N,N,N,Y,0,Y,0,0,0,0,0,0,Tockus_camurus
Todiramphus_sanctus,1000,M,N,Y,Y,0,Y,0,Todiramphus_sanctus,0,0,0,0,0
Todus_angustirostris,3000,N,N,N,Y,0,Y,0,0,0,0,0,0,0
Tragopan_caboti,2000,N,N,N,Y,800,Y,0,0,0,0,0,0,0
Tragopan_temminckii,4200,N,M,N,Y,1200,Y,0,0,Tragopan_temminckii,0,0,0,0
Traversia_lyalli,1000,N,N,N,Y,0,Y,0,0,0,0,0,0,Traversia_lyalli
Tregellasia_capito,1500,N,N,N,Y,0,Y,0,0,0,0,0,0,Tregellasia_capito
Tregellasia_leucops,2200,N,N,N,Y,300,Y,0,0,0,0,0,0,0
Tringa_erythropus,4700,Y,N,N,Y,0,Y,0,0,Tringa_erythropus,Tringa_erythropus,0,0,0
Tringa_glareola,1000,Y,N,N,Y,0,Y,0,0,0,Tringa_glareola,0,0,0
Tringa_ochropus,3200,Y,N,N,Y,0,Y,0,0,0,Tringa_ochropus,0,0,0
Tringa_semipalmata,3400,M,N,N,Y,0,Y,0,0,0,0,0,0,0
Trogon_personatus,3000,N,N,N,Y,1000,Y,0,0,0,0,0,0,0
Trogon_viridis,1300,N,N,N,Y,0,Y,0,0,0,0,0,0,Trogon_viridis
Trugon_terrestris,700,N,N,N,Y,0,Y,0,0,0,0,0,0,Trugon_terrestris
Turdus_eunomus,3000,Y,N,N,Y,0,Y,0,0,0,Turdus_eunomus,0,0,0
Turdus_hortulorum,1100,Y,N,N,Y,0,Y,0,0,0,Turdus_hortulorum,0,0,0
Turdus_merula,2000,M,N,N,Y,0,Y,0,0,0,0,0,0,0
Turdus_migratorius,3500,M,N,N,Y,0,Y,0,0,0,0,0,0,0
Turdus_naumanni,1000,Y,N,N,Y,0,Y,0,0,0,Turdus_naumanni,0,0,0
Turdus_philomelos,2700,Y,N,N,Y,0,Y,0,0,0,Turdus_philomelos,0,0,0
Turdus_rufiventris,2600,N,N,N,Y,0,Y,0,0,0,0,0,0,0
Turnagra_capensis,2000,M,N,N,Y,0,Y,0,0,0,0,0,0,0
Turnix_sylvatica,2200,M,N,N,Y,0,M,0,0,0,0,0,0,0
Turtur_tympanistria,3000,N,N,N,Y,0,Y,0,0,0,0,0,0,0
Tyto_alba,4000,M,M,N,Y,0,Y,0,0,0,0,0,0,0
Tyto_longimembris,2500,M,N,N,Y,0,Y,0,0,0,0,0,0,0
Upupa_epops,4600,M,N,N,Y,0,Y,0,0,Upupa_epops,0,0,0,0
Uragus_sibiricus,3400,M,M,N,Y,0,Y,0,0,0,0,0,0,0
Urocissa_caerulea,1200,N,N,N,Y,400,Y,0,0,0,0,0,0,Urocissa_caerulea
Urocissa_erythrorhyncha,2200,N,N,N,Y,0,Y,0,0,0,0,0,0,0
Vanellus_cinereus,1600,Y,N,N,Y,0,Y,0,0,0,Vanellus_cinereus,0,0,0
Vanellus_vanellus,5000,N,N,N,Y,2700,Y,0,0,Vanellus_vanellus,0,0,0,0
Vermivora_celata,1000,Y,N,N,Y,0,Y,0,0,0,Vermivora_celata,0,0,0
Vestiaria_coccinea,2900,M,N,N,Y,1200,Y,0,0,0,0,0,0,0
Vidua_chalybeata,2000,N,N,N,Y,0,N,0,0,0,0,0,0,0
Vireo_olivaceus,1500,M,N,N,Y,0,Y,0,0,0,0,0,0,0
Xanthopsar_flavus,1000,N,N,N,Y,0,Y,0,0,0,0,0,0,Xanthopsar_flavus
Xenicus_gilviventris,2900,N,N,N,Y,1200,Y,0,0,0,0,0,0,0
Xenus_cinereus,3000,Y,N,N,Y,0,Y,0,0,0,Xenus_cinereus,0,0,0
Yuhina_diademata,2700,N,N,N,Y,800,Y,0,0,0,0,0,0,0
Zenaida_auriculata,3500,M,N,N,Y,0,Y,0,0,0,0,0,0,0
Zenaida_macroura,2500,M,M,N,Y,0,Y,0,0,0,0,0,0,0
Zonotrichia_leucophrys,2500,Y,N,N,Y,0,Y,0,0,0,Zonotrichia_leucophrys,0,0,0
Zoothera_aurea,2800,Y,N,N,Y,0,Y,0,0,0,Zoothera_aurea,0,0,0
Zosterops_abyssinicus,3100,N,N,N,Y,0,Y,0,0,0,0,0,0,0
Zosterops_erythropleurus,2500,Y,N,N,Y,0,Y,0,0,0,Zosterops_erythropleurus,0,0,0
Zosterops_lateralis,1000,M,N,N,Y,0,Y,0,0,0,0,0,0,0
Zosterops_poliogastrus,3400,N,N,N,Y,1300,Y,0,0,0,0,0,0,0
Zosterops_senegalensis,3400,N,N,N,Y,1100,Y,0,0,0,0,0,0,0