Species Tm
Abbottina_rivularis 1
Abramis_brama 5.5
Abramis_brama 5
Acanthocybium_solandri 2
Acanthopagrus_bifasciatus 2
Acanthopagrus_bifasciatus 4.6
Acanthopagrus_butcheri 3
Acanthopagrus_pacificus 1.15
Acanthopsetta_nadeshnyi 7
Acanthurus_lineatus 4
Acanthurus_nigrofuscus 2
Acanthurus_nigrofuscus 2
Acentrogobius_pflaumii 1
Acheilognathus_asmussii 3
Achoerodus_gouldii 17
Achoerodus_viridis 8
Achondrostoma_arcasii 1.2
Achondrostoma_arcasii 2
Acipenser_baerii 17
Acipenser_baerii 11
Acipenser_baerii 12
Acipenser_baerii 12
Acipenser_baerii 16
Acipenser_baerii 4
Acipenser_baerii 8
Acipenser_baerii 16
Acipenser_baerii 16
Acipenser_baerii 18
Acipenser_baerii 15
Acipenser_baerii 10
Acipenser_baerii 10
Acipenser_baerii 10
Acipenser_fulvescens 26
Acipenser_ruthenus 7
Acipenser_schrenckii 11
Acipenser_sturio 11
Albula_vulpes 1
Albula_vulpes 3.6
Albula_vulpes 3.6
Albula_vulpes 4.2
Albula_vulpes 4.2
Alburnus_alburnus 2
Alestes_baremoze 2.5
Alestes_baremoze 3
Alestes_baremoze 2
Alestes_dentex 2
Alfaro_cultratus 0.5
Allocyttus_niger 27
Alopias_pelagicus 8.6
Alopias_pelagicus 13.2
Alopias_pelagicus 10.4
Alopias_superciliosus 13.5
Alopias_vulpinus 5.8
Alopias_vulpinus 12
Alopias_vulpinus 13
Alopias_vulpinus 8
Alopias_vulpinus 5.3
Alopias_vulpinus 4.8
Alosa_aestivalis 4
Alosa_alosa 3.5
Alosa_fallax 2
Alosa_fallax 3
Alosa_pseudoharengus 2
Alosa_pseudoharengus 3
Alosa_sapidissima 4.6
Alosa_sapidissima 4.3
Amblygaster_sirm 1
Amblygaster_sirm 0.85
Amblygaster_sirm 0.96
Amblyraja_radiata 5
Amblyraja_radiata 28
Amblyraja_radiata 4
Amblyraja_radiata 4
Amblyraja_radiata 10.9
Amblyraja_radiata 11
Amia_calva 4
Ammodytes_marinus 3
Ammodytes_marinus 2
Ammodytes_marinus 1.51
Ammodytes_marinus 3.2
Ammodytes_marinus 3.2
Ammodytes_tobianus 1
Ammodytes_tobianus 2
Ammodytes_tobianus 2
Amphistichus_argenteus 2
Amphistichus_rhodoterus 3
Anablepsoides_lungi 0.4
Anarhichas_minor 7.5
Anarhichas_minor 8.5
Anguilla_anguilla 11
Anisotremus_davidsonii 2
Anoplarchus_purpurescens 2.5
Anoplopoma_fimbria 4.8
Anoplopoma_fimbria 5.1
Anoplopoma_fimbria 6
Aphia_minuta 1
Apogon_imberbis 1
Apogon_imberbis 1
Apteronotus_leptorhynchus 1
Arapaima_gigas 6
Archosargus_rhomboidalis 0.42
Argentina_silus 6
Argentina_silus 7
Argentina_silus 4
Argentina_silus 6
Argentina_silus 7
Argentina_silus 8.7
Argentina_silus 8.2
Argyropelecus_hemigymnus 1
Argyrops_filamentosus 2
Argyrops_filamentosus 2
Argyrops_spinifer 2
Argyrops_spinifer 2.4
Argyrops_spinifer 2.4
Argyrops_spinifer 5
Argyrops_spinifer 5.6
Argyrosomus_inodorus 1
Argyrosomus_inodorus 1.3
Argyrosomus_inodorus 1.5
Argyrosomus_inodorus 1.5
Argyrosomus_inodorus 1.6
Argyrosomus_inodorus 2.4
Argyrozona_argyrozona 5
Arripis_trutta 4
Arripis_trutta 4
Aspidophoroides_monopterygius 4.7
Atherina_boyeri 1
Atherinops_affinis 2
Atherinopsis_californiensis 2.5
Atractoscion_aequidens 5
Atractoscion_nobilis 4
Aulorhynchus_flavidus 1
Austrolebias_viarius 0.15
Auxis_thazard 2.5
Bagrus_meridionalis 4
Bagrus_meridionalis 4
Bairdiella_chrysoura 0.6
Balistes_capriscus 1
Ballerus_ballerus 3.74
Bathyraja_maculata 8
Bathyraja_parmifera 9
Bathyraja_parmifera 10
Belone_belone 2
Benthophilus_grimmi 1
Benthophilus_macrocephalus 1
Benthophilus_stellatus 1
Benthosema_suborbitale 0.4
Beryx_splendens 5
Beryx_splendens 5.9
Beryx_splendens 7.5
Boops_boops 2
Boops_boops 2
Boops_boops 5
Boops_boops 1.4
Boops_boops 1
Boops_boops 2
Bostockia_porosa 2
Bostockia_porosa 1
Boulengerochromis_microlepis 2.5
Brachyplatystoma_rousseauxii 2.2
Brama_japonica 4
Brama_japonica 4
Branchiostegus_japonicus 2
Branchiostegus_japonicus 3
Brosme_brosme 7.1
Brosme_brosme 7.9
Brycinus_nurse 1
Brycinus_nurse 1
Buglossidium_luteum 3
Calamus_bajonado 3
Calamus_leucosteus 1
Calamus_leucosteus 1
Callorhinchus_capensis 3.3
Callorhinchus_capensis 4.2
Capoeta_bergamae 1.9
Capoeta_bergamae 2.2
Capros_aper 5.25
Capros_aper 1.84
Capros_aper 4.6
Capros_aper 3.4
Caranx_ignobilis 3.5
Caranx_melampygus 2
Caranx_rhonchus 2
Caranx_ruber 3
Carassius_auratus 1
Carassius_auratus 1
Carassius_carassius 2
Carcharhinus_acronotus 4.51
Carcharhinus_acronotus 4.51
Carcharhinus_acronotus 2.5
Carcharhinus_acronotus 3
Carcharhinus_acronotus 3
Carcharhinus_amblyrhynchos 7
Carcharhinus_brachyurus 16
Carcharhinus_brachyurus 19.5
Carcharhinus_falciformis 12
Carcharhinus_falciformis 8
Carcharhinus_isodon 3.9
Carcharhinus_isodon 4.3
Carcharhinus_leucas 15
Carcharhinus_leucas 20
Carcharhinus_leucas 21
Carcharhinus_limbatus 7
Carcharhinus_limbatus 7
Carcharhinus_longimanus 5
Carcharhinus_longimanus 7.36
Carcharhinus_obscurus 21
Carcharhinus_obscurus 17.6
Carcharhinus_obscurus 17.4
Carcharhinus_obscurus 19
Carcharhinus_obscurus 21
Carcharhinus_plumbeus 12
Carcharhinus_plumbeus 13
Carcharhinus_porosus 6
Carcharhinus_porosus 6
Carcharodon_carcharias 9
Carlhubbsia_kidderi 0.3
Caspiosoma_caspium 1
Catostomus_catostomus 6
Centrophorus_granulosus 16.5
Centrophorus_granulosus 39
Centrophorus_squamosus 15.4
Centrophorus_squamosus 25
Centrophorus_squamosus 20.8
Centrophorus_squamosus 44
Centropomus_undecimalis 4
Cephalopholis_boenak 1.8
Cephalopholis_boenak 2
Cephalopholis_cruentata 3.5
Cephalopholis_cruentata 5.5
Cetengraulis_mysticetus 1
Cetorhinus_maximus 18
Cetorhinus_maximus 5
Cetorhinus_maximus 20
Cetoscarus_ocellatus 5
Chaenocephalus_aceratus 10
Chaenocephalus_aceratus 9
Chaetobranchus_flavescens 1
Chaetobranchus_flavescens 1
Channa_striata 2
Channa_striata 1.5
Chanodichthys_mongolicus 5
Chanos_chanos 6
Chanos_chanos 6.5
Chanos_chanos 4.5
Chanos_chanos 4
Chanos_chanos 8.5
Chanos_chanos 8.5
Chanos_chanos 4
Chanos_chanos 4.5
Characodon_lateralis 0.5
Chelidonichthys_capensis 3
Chelidonichthys_cuculus 2
Chelidonichthys_cuculus 2
Chelidonichthys_cuculus 2
Chelidonichthys_cuculus 3.6
Chelidonichthys_cuculus 3.5
Chelidonichthys_lastoviza 3
Chelidonichthys_lucerna 1.5
Chelidonichthys_lucerna 3
Chelidonichthys_lucerna 2.7
Chelidonichthys_lucerna 2.8
Chelidonichthys_lucerna 2.8
Chelidonichthys_queketti 1.7
Chelon_auratus 3
Chelon_auratus 4
Chelon_labrosus 3
Chelon_labrosus 3
Chelon_ramada 3
Chelon_ramada 3
Chelon_saliens 3
Chelon_saliens 2
Chelon_saliens 2
Chitala_chitala 2
Chitala_chitala 3
Chlamydogobius_eremius 0.5
Chromis_punctipinnis 2
Ciliata_septentrionalis 1
Ciliata_septentrionalis 1
Cirrhinus_molitorella 3
Cirrhinus_molitorella 3
Citharichthys_sordidus 2.5
Citharinus_citharus 3
Citharinus_citharus 3
Clarias_batrachus 1
Clarias_gariepinus 2
Clarias_gariepinus 2
Clarias_gariepinus 2
Clevelandia_ios 1
Clupea_harengus 4.29
Clupea_harengus 2
Clupea_harengus 3
Clupea_harengus 3
Clupea_harengus 3
Clupea_harengus 1.86
Clupea_harengus 2
Clupea_harengus 1
Clupea_harengus 2
Clupea_harengus 4
Clupea_harengus 3.45
Clupea_harengus 3
Clupea_harengus 3
Clupea_harengus 3
Clupea_harengus 3
Clupea_harengus 3.16
Clupea_harengus 3.16
Clupea_harengus 3
Clupea_harengus 2
Clupea_harengus 3
Clupea_harengus 4
Clupea_harengus 2.73
Clupea_harengus 2.73
Clupea_harengus 3
Clupea_harengus 3
Clupea_harengus 3
Clupea_harengus 3
Clupea_harengus 2.9
Clupea_harengus 3
Clupea_harengus 3
Clupea_harengus 3
Clupea_harengus 3
Clupea_harengus 3
Clupea_harengus 3
Clupea_harengus 3
Clupea_harengus 3
Clupea_harengus 3
Clupea_harengus 2.5
Clupea_harengus 4
Clupea_harengus 4
Clupea_harengus 4.86
Clupea_harengus 4.29
Clupea_harengus 5
Clupea_harengus 3.58
Clupea_harengus 5
Clupea_harengus 6.5
Clupea_pallasii_pallasii 2
Clupea_pallasii_pallasii 2
Clupea_pallasii_pallasii 4
Clupea_pallasii_pallasii 4
Clupea_pallasii_pallasii 4
Clupea_pallasii_pallasii 3
Clupea_pallasii_pallasii 4
Clupea_pallasii_pallasii 5
Clupea_pallasii_pallasii 5
Cobitis_calderoni 1
Cobitis_taenia 2
Cobitis_taenia 1
Cololabis_saira 1
Copadichromis_pleurostigmoides 3
Copadichromis_quadrimaculatus 3
Copadichromis_quadrimaculatus 3
Copadichromis_virginalis 3
Coptodon_zillii 0.2
Coregonus_albula 2
Coregonus_albula 2
Coregonus_artedi 6
Coregonus_hoyi 3
Coregonus_hoyi 3
Coregonus_lavaretus 3
Coregonus_lavaretus 2
Coregonus_lavaretus 2
Coregonus_lavaretus 1
Coregonus_maraena 3
Coregonus_oxyrinchus 3
Coregonus_pidschian 11
Coregonus_pidschian 14
Coregonus_sardinella 7
Coregonus_sardinella 8
Coregonus_wartmanni 3
Coregonus_widegreni 5
Coris_julis 1
Coryphaenoides_rupestris 10
Coryphaenoides_rupestris 10
Cottus_gobio 2
Cottus_gobio 2
Cottus_pollux 2
Cottus_pollux 2
Couesius_plumbeus 3
Crystallogobius_linearis 1
Ctenolabrus_rupestris 2
Ctenopharyngodon_idella 3
Ctenopharyngodon_idella 6
Ctenopharyngodon_idella 5.8
Culter_alburnus 4
Cyclopterus_lumpus 4
Cyclopterus_lumpus 3
Cyclothone_pallida 3.5
Cyclothone_pallida 3.5
Cymatogaster_aggregata 1
Cynoglossus_canariensis 2
Cynoscion_albus 6
Cynoscion_othonopterus 2
Cynoscion_othonopterus 2.1
Cyprinus_carpio 1
Cyprinus_carpio 0.5
Cyprinus_carpio 1
Cyprinus_carpio 2
Cyprinus_carpio 2
Cyprinus_carpio 3
Cyprinus_carpio 3
Cyprinus_carpio 2
Cyprinus_carpio 2.5
Cyprinus_carpio 4
Cyttus_traversi 5.2
Cyttus_traversi 6.3
Danio_rerio 0.83
Danio_rerio 0.2
Danio_rerio 0.2
Deania_calcea 25
Decapterus_macrosoma 3
Decapterus_russelli 3
Dentex_canariensis 2
Dentex_dentex 2.2
Dentex_macrophthalmus 2
Diaphus_dumerilii 0.7
Diaphus_watasei 1.4
Dicentrarchus_labrax 2
Dicentrarchus_labrax 2
Dicentrarchus_labrax 4
Dicentrarchus_labrax 4
Diplectrum_formosum 1.01
Diplectrum_formosum 1.13
Diplodus_annularis 1
Diplodus_annularis 1
Diplodus_annularis 2
Diplodus_capensis 3
Diplodus_capensis 3
Diplodus_hottentotus 6
Diplodus_hottentotus 6
Diplodus_sargus 4
Diplodus_sargus 4
Diplodus_sargus 4
Diplodus_sargus 4
Diplodus_sargus 2.12
Diplodus_sargus 2
Diplodus_vulgaris 2
Dipturus_batis 11
Dipturus_innominatus 8
Dipturus_innominatus 13
Dissostichus_mawsoni 12.8
Dissostichus_mawsoni 16.6
Dissostichus_mawsoni 12.8
Dissostichus_mawsoni 16.6
Dorosoma_cepedianum 2
Dorosoma_cepedianum 2
Dules_auriga 2.29
Dules_auriga 2.29
Elassoma_boehlkei 1
Eleginus_gracilis 2
Eleginus_gracilis 2
Eleginus_gracilis 2
Eleginus_gracilis 2
Eleginus_gracilis 2
Eleginus_gracilis 2
Elopichthys_bambusa 2
Elopichthys_bambusa 6.8
Elopichthys_bambusa 8.1
Elops_saurus 2
Embiotoca_jacksoni 1.5
Embiotoca_lateralis 3
Emmelichthys_nitidus_nitidus 2.5
Enchelyopus_cimbrius 3
Encrasicholina_devisi 1.9
Engraulis_capensis 1
Engraulis_encrasicolus 1
Engraulis_encrasicolus 1
Engraulis_encrasicolus 1
Engraulis_encrasicolus 1
Engraulis_encrasicolus 1
Engraulis_encrasicolus 1
Engraulis_encrasicolus 1
Engraulis_encrasicolus 1
Engraulis_encrasicolus 1
Engraulis_encrasicolus 1
Engraulis_encrasicolus 1
Engraulis_japonicus 1
Engraulis_japonicus 2
Engraulis_mordax 1.5
Engraulis_mordax 1
Enneapterygius_atriceps 0.2
Eopsetta_jordani 7
Eopsetta_jordani 7
Eopsetta_jordani 8
Epigonus_telescopus 35.8
Epigonus_telescopus 36.6
Epinephelus_chlorostigma 2.5
Epinephelus_chlorostigma 3
Epinephelus_coioides 2.7
Epinephelus_guttatus 3
Epinephelus_itajara 5.5
Epinephelus_itajara 6.5
Epinephelus_marginatus 5
Epinephelus_marginatus 6.3
Epinephelus_marginatus 12
Epinephelus_marginatus 6.3
Epinephelus_marginatus 7
Esox_lucius 4
Esox_lucius 2
Esox_lucius 3
Esox_lucius 3
Esox_lucius 3
Esox_lucius 2
Esox_lucius 3
Esox_lucius 2
Esox_lucius 3
Esox_lucius 3
Esox_masquinongy 4
Esox_masquinongy 5
Etheostoma_juliae 1
Etheostoma_microperca 1
Etheostoma_microperca 1
Etheostoma_tetrazonum 1
Etheostoma_tetrazonum 2
Ethmalosa_fimbriata 1
Etmopterus_spinax 5
Etrumeus_sadina 1.7
Etrumeus_sadina 1.73
Etrumeus_sadina 3
Eubleekeria_splendens 1
Eudontomyzon_danfordi 6
Eugerres_brasilianus 1
Euthynnus_affinis 5.3
Euthynnus_alletteratus 2
Euthynnus_alletteratus 2
Eutrigla_gurnardus 1.5
Eutrigla_gurnardus 4.5
Eviota_sigillata 0.08
Furgaleus_macki 6.5
Furgaleus_macki 4.5
Gadiculus_thori 2
Gadus_chalcogrammus 5.5
Gadus_chalcogrammus 3
Gadus_chalcogrammus 3
Gadus_chalcogrammus 3
Gadus_chalcogrammus 4.5
Gadus_chalcogrammus 4
Gadus_chalcogrammus 4.5
Gadus_chalcogrammus 4
Gadus_chalcogrammus 4
Gadus_chalcogrammus 5
Gadus_macrocephalus 5.8
Gadus_morhua 8.5
Gadus_morhua 7.8
Gadus_morhua 3.14
Gadus_morhua 4
Gadus_morhua 4
Gadus_morhua 3.73
Gadus_morhua 2.3
Gadus_morhua 10.5
Gadus_morhua 9.14
Gadus_morhua 6.92
Gadus_morhua 3.12
Gadus_morhua 3.12
Gadus_morhua 2.02
Gadus_morhua 2.11
Gadus_morhua 1.7
Gadus_morhua 1.7
Gadus_morhua 2.1
Gadus_morhua 2.8
Gadus_morhua 2.8
Gadus_morhua 2.2
Gadus_morhua 2.2
Gadus_morhua 2.3
Gadus_morhua 2.7
Gadus_morhua 2.1
Gadus_morhua 2.1
Gadus_morhua 2.7
Gadus_morhua 1.7
Gadus_morhua 2.5
Gadus_morhua 1.9
Gadus_morhua 2.5
Gadus_morhua 6.36
Gadus_morhua 6.36
Gadus_morhua 6.34
Gadus_morhua 6.34
Gadus_morhua 5.57
Gadus_morhua 5.57
Gadus_morhua 6.35
Gadus_morhua 6.35
Gadus_morhua 5.91
Gadus_morhua 5.91
Gadus_morhua 5.88
Gadus_morhua 5.88
Gadus_morhua 6.28
Gadus_morhua 6.28
Gadus_morhua 6.18
Gadus_morhua 6.18
Gadus_morhua 6.39
Gadus_morhua 6.39
Gadus_morhua 3.8
Gadus_morhua 6.86
Gadus_morhua 6.86
Gadus_morhua 6.58
Gadus_morhua 6.58
Gadus_morhua 6.59
Gadus_morhua 6.59
Gadus_morhua 7.12
Gadus_morhua 7.12
Gadus_morhua 6.79
Gadus_morhua 6.79
Gadus_morhua 7.31
Gadus_morhua 7.31
Gadus_morhua 7.38
Gadus_morhua 7.38
Gadus_morhua 7.02
Gadus_morhua 7.02
Gadus_morhua 7.5
Gadus_morhua 7.28
Gadus_morhua 7.28
Galaxias_occidentalis 1
Galaxias_occidentalis 1
Galaxiella_munda 1
Galaxiella_pusilla 1
Galeocerdo_cuvier 9
Galeocerdo_cuvier 8
Galeocerdo_cuvier 10
Galeorhinus_galeus 13
Galeorhinus_galeus 17.5
Galeorhinus_galeus 17
Galeorhinus_galeus 15
Gambusia_affinis 3
Gasterosteus_aculeatus 2
Genyonemus_lineatus 1
Geophagus_brasiliensis 2
Geophagus_brasiliensis 2
Gerres_cinereus 1.5
Gerres_longirostris 1.1
Gerres_longirostris 1.5
Girella_nigricans 2.5
Girella_tricuspidata 4.16
Girella_tricuspidata 4.52
Glaucosoma_hebraicum 3
Glaucosoma_hebraicum 3
Glaucostegus_cemiculus 5.09
Glaucostegus_cemiculus 2.89
Glossolepis_maculosus 1
Glyptocephalus_cynoglossus 8.42
Glyptocephalus_cynoglossus 8.98
Glyptocephalus_cynoglossus 11.9
Glyptocephalus_cynoglossus 10.2
Glyptocephalus_cynoglossus 10.3
Glyptocephalus_cynoglossus 7.38
Glyptocephalus_cynoglossus 7.92
Glyptocephalus_cynoglossus 7.66
Glyptocephalus_cynoglossus 9.43
Glyptocephalus_cynoglossus 7.87
Glyptocephalus_cynoglossus 3.6
Glyptocephalus_cynoglossus 4.5
Glyptocephalus_cynoglossus 7
Glyptocephalus_cynoglossus 4.4
Glyptocephalus_zachirus 6
Gobio_gobio 2
Gobio_gobio 3
Gobio_soldatovi 2
Gobiobotia_pappenheimi 2
Gobiomorphus_breviceps 1.5
Gobiomorphus_breviceps 2.5
Gobionotothen_gibberifrons 10
Gobius_bucchichi 1
Gobius_niger 2
Gobiusculus_flavescens 1
Gymnocanthus_detrisus 6
Gymnocanthus_detrisus 5
Gymnocephalus_cernua 1
Gymnocephalus_cernua 1.5
Gymnocephalus_cernua 2.5
Gymnocharacinus_bergii 1
Gymnocharacinus_bergii 1
Haemulon_album 3.5
Haemulon_plumierii 2
Haemulon_sciurus 2
Halichoeres_semicinctus 2.5
Harengula_humeralis 1.5
Harengula_jaguana 1
Helicolenus_dactylopterus 13
Hemibarbus_maculatus 3
Hemibarbus_maculatus 5
Hemiculter_leucisculus 2
Hemilepidotus_gilberti 6
Hemilepidotus_zapus 5
Hemilepidotus_zapus 4
Heterandria_formosa 0.13
Heterostichus_rostratus 1.25
Heterotis_niloticus 2
Hexagrammos_decagrammus 3
Hexagrammos_lagocephalus 3.5
Hippocampus_abdominalis 1
Hippocampus_guttulatus 0.5
Hippocampus_whitei 0.58
Hippocampus_zosterae 0.25
Hippocampus_zosterae 0.4
Hippoglossina_stomata 3
Hippoglossoides_elassodon 8.88
Hippoglossoides_platessoides 7.64
Hippoglossoides_platessoides 8.11
Hippoglossoides_platessoides 7.83
Hippoglossoides_platessoides 8.65
Hippoglossoides_platessoides 6.17
Hippoglossoides_platessoides 10.6
Hippoglossoides_platessoides 9.48
Hippoglossoides_platessoides 4.5
Hippoglossoides_platessoides 2.6
Hippoglossoides_platessoides 3
Hippoglossoides_platessoides 4.65
Hippoglossoides_platessoides 7.59
Hippoglossoides_platessoides 5.32
Hippoglossoides_platessoides 6.43
Hippoglossoides_platessoides 8
Hippoglossoides_platessoides 3.6
Hippoglossoides_platessoides 8
Hippoglossoides_platessoides 11
Hippoglossoides_platessoides 10.6
Hippoglossoides_platessoides 14
Hippoglossoides_platessoides 8.79
Hippoglossoides_platessoides 11.1
Hippoglossus_hippoglossus 4.5
Hippoglossus_hippoglossus 7.3
Hippoglossus_stenolepis 13
Hoplosternum_littorale 1
Hoplosternum_littorale 2
Hoplosternum_littorale 1
Hoplosternum_littorale 1
Hoplostethus_atlanticus 34
Hoplostethus_atlanticus 33
Hoplostethus_atlanticus 32
Hoplostethus_atlanticus 27.5
Hucho_hucho 5
Hybognathus_hankinsoni 2
Hybognathus_hankinsoni 1
Hybognathus_regius 2
Hyperoplus_lanceolatus 2
Hyperprosopon_argenteum 1
Hyperprosopon_ellipticum 3
Hypomesus_japonicus 1
Hypomesus_japonicus 2
Hypomesus_nipponensis 1
Hypomesus_nipponensis 2
Hypomesus_pretiosus 1.5
Hypomesus_transpacificus 1
Hyporthodus_niveatus 4.92
Hypsopsetta_guttulata 2.5
Hypsypops_rubicundus 5
Hyrcanogobius_bergi 1
Ichthyomyzon_castaneus 6
Ichthyomyzon_fossor 6
Ichthyomyzon_unicuspis 6
Ictiobus_cyprinellus 5
Ilisha_elongata 2
Ilyodon_lennoni 0.5
Isopsetta_isolepis 2
Istiophorus_albicans 3.5
Isurus_oxyrinchus 8
Isurus_oxyrinchus 8
Isurus_oxyrinchus 18
Isurus_oxyrinchus 20
Jaydia_lineata 1
Jaydia_lineata 1
Jaydia_lineata 1
Jenkinsia_lamprotaenia 0.2
Jenynsia_lineata 1
Johnius_carutta 1.4
Kajikia_audax 2
Katsuwonus_pelamis 3
Knipowitschia_caucasica 1
Knipowitschia_panizzae 1
Kryptolebias_marmoratus 0.5
Labeo_rohita 2.7
Labeo_rohita 2.94
Labeobarbus_kimberleyensis 6.4
Labeobarbus_kimberleyensis 9
Labrus_bergylta 2
Labrus_merula 2
Labrus_mixtus 2
Lachnolaimus_maximus 1.1
Lachnolaimus_maximus 1.6
Lachnolaimus_maximus 7
Lachnolaimus_maximus 6.5
Ladislavia_taczanowskii 3
Lagocephalus_sceleratus 3
Lagocephalus_sceleratus 3
Laimosemion_xiphidius 1
Lamna_nasus 10
Lamna_nasus 17
Lampetra_planeri 4
Lates_angustifrons 4
Lates_angustifrons 4
Lates_mariae 3
Lates_mariae 3
Lates_mariae 4
Lates_mariae 4
Lates_microlepis 4
Lates_microlepis 4
Lates_stappersii 2
Lates_stappersii 2
Lates_stappersii 2
Lates_stappersii 2
Lates_stappersii 2.3
Latris_lineata 6.2
Latris_lineata 6.8
Leiopotherapon_unicolor 1
Leiopotherapon_unicolor 1
Lepidophanes_guentheri 0.5
Lepidopsetta_bilineata 9
Lepidopsetta_bilineata 9
Lepidopsetta_polyxystra 6
Lepidopsetta_polyxystra 8
Lepidopsetta_polyxystra 7
Lepidorhombus_boscii 2
Lepidorhombus_boscii 1
Lepidorhombus_boscii 1
Lepidorhombus_whiffiagonis 1.5
Lepidorhombus_whiffiagonis 4
Lepidorhombus_whiffiagonis 2
Lepidorhombus_whiffiagonis 2.5
Lepidorhombus_whiffiagonis 3
Lepidotrigla_cavillone 2
Lepisosteus_oculatus 4
Lepisosteus_osseus 6
Lepisosteus_osseus 6
Lepomis_gibbosus 2
Leporinus_acutidens 2
Leporinus_acutidens 1
Leptoclinus_maculatus 7
Leptoclinus_maculatus 6
Leptocottus_armatus 1
Lesueurigobius_friesii 2
Lethenteron_appendix 5
Lethrinops_parvidens 3
Lethrinus_borbonicus 1.3
Lethrinus_borbonicus 2
Lethrinus_lentjan 3.5
Lethrinus_lentjan 1.8
Lethrinus_lentjan 2.4
Lethrinus_lentjan 3.8
Lethrinus_mahsena 6
Lethrinus_microdon 3
Lethrinus_microdon 4.8
Lethrinus_miniatus 4
Lethrinus_nebulosus 4
Lethrinus_nebulosus 3
Lethrinus_nebulosus 4.6
Lethrinus_nebulosus 8
Lethrinus_nebulosus 9
Lethrinus_nebulosus 5.9
Lethrinus_olivaceus 6
Lethrinus_ornatus 2
Leucaspius_delineatus 1
Leuciscus_aspius 4
Leuciscus_aspius 4
Leuciscus_idus 5
Leuciscus_idus 5.5
Leuciscus_leuciscus 3
Leuciscus_leuciscus 3
Leuciscus_leuciscus 4
Leuciscus_leuciscus 4
Leuciscus_leuciscus 4
Leuciscus_waleckii 3
Leucoraja_erinacea 4.5
Leucoraja_erinacea 4
Leucoraja_naevus 8
Leucoraja_naevus 9
Leuresthes_tenuis 1.5
Limanda_aspera 4
Limanda_aspera 5
Limanda_aspera 7
Limanda_aspera 10.14
Limanda_aspera 10.5
Limanda_aspera 7
Limanda_ferruginea 6.12
Limanda_ferruginea 6.2
Limanda_ferruginea 6.8
Limanda_ferruginea 6.1
Limanda_ferruginea 1.8
Limanda_ferruginea 1.3
Limanda_ferruginea 4.4
Limanda_ferruginea 1.6
Limanda_ferruginea 1.8
Limanda_ferruginea 4.7
Limanda_ferruginea 2.6
Limanda_ferruginea 2.6
Limanda_ferruginea 5.3
Limanda_ferruginea 5.5
Limanda_limanda 2.3
Limanda_limanda 3
Limanda_limanda 3.5
Limanda_punctatissima 4
Limia_vittata 0.66
Lithognathus_aureti 6
Lithognathus_aureti 4.8
Lithognathus_aureti 9.7
Lithognathus_aureti 7.2
Lithognathus_mormyrus 2
Lithognathus_mormyrus 2
Lithognathus_mormyrus 2
Lithognathus_mormyrus 2
Lithognathus_mormyrus 3
Lobotes_surinamensis 1
Lophius_litulon 5.4
Lophius_litulon 6.2
Lophius_piscatorius 4.5
Lopholatilus_chamaeleonticeps 2
Lopholatilus_chamaeleonticeps 5
Lopholatilus_chamaeleonticeps 5
Lota_lota 4
Lota_lota 3
Lota_lota 7
Lota_lota 6
Lumpenus_lampretaeformis 3
Lutjanus_analis 5.5
Lutjanus_argentimaculatus 4
Lutjanus_argentimaculatus 5
Lutjanus_argentiventris 4
Lutjanus_bohar 9.39
Lutjanus_carponotatus 1.9
Lutjanus_carponotatus 2.4
Lutjanus_ehrenbergii 1.7
Lutjanus_ehrenbergii 1.8
Lutjanus_fulviflamma 1.6
Lutjanus_fulviflamma 1.9
Lutjanus_fulvus 3
Lutjanus_fulvus 4
Lutjanus_griseus 2
Lutjanus_griseus 2
Lutjanus_griseus 3
Lutjanus_jocu 5.5
Lutjanus_synagris 2
Lutjanus_synagris 2
Lutjanus_synagris 1
Lutjanus_synagris 2
Lutjanus_vitta 1
Lutjanus_vivanus 5
Luxilus_chrysocephalus 2
Luxilus_cornutus 1
Lyopsetta_exilis 4
Lythrurus_umbratilis 1
Lythrypnus_zebra 0.5
Macrhybopsis_storeriana 2
Macrourus_berglax 14.8
Mallotus_villosus 2
Mallotus_villosus 3
Mallotus_villosus 2
Mallotus_villosus 2
Mallotus_villosus 3
Mallotus_villosus 2
Mallotus_villosus 2
Mallotus_villosus 3
Margariscus_margarita 4
Maurolicus_muelleri 1
Medialuna_californiensis 2
Megalobrama_terminalis 6
Megalops_atlanticus 10
Melanogrammus_aeglefinus 2.62
Melanogrammus_aeglefinus 6.5
Melanogrammus_aeglefinus 5.79
Melanogrammus_aeglefinus 3
Melanogrammus_aeglefinus 3.04
Melanogrammus_aeglefinus 4.5
Melanogrammus_aeglefinus 4.5
Melanogrammus_aeglefinus 3.5
Melanogrammus_aeglefinus 5.5
Melanogrammus_aeglefinus 4.5
Melanogrammus_aeglefinus 3.5
Melanogrammus_aeglefinus 2
Melanogrammus_aeglefinus 2.5
Melanogrammus_aeglefinus 1.99
Melanogrammus_aeglefinus 1.3
Melanogrammus_aeglefinus 1.5
Melanogrammus_aeglefinus 2
Melanogrammus_aeglefinus 2.5
Melanogrammus_aeglefinus 1.8
Melanogrammus_aeglefinus 2.1
Melanogrammus_aeglefinus 4.5
Melanogrammus_aeglefinus 4.88
Melanogrammus_aeglefinus 2.8
Melanotaenia_splendida 1
Melanotaenia_splendida 1
Menticirrhus_americanus 1
Menticirrhus_americanus 1
Menticirrhus_americanus 2
Menticirrhus_undulatus 2.5
Merlangius_merlangus 2
Merlangius_merlangus 1.16
Merlangius_merlangus 1.5
Merlangius_merlangus 1.5
Merluccius_angustimanus 3
Merluccius_australis 8
Merluccius_australis 7
Merluccius_bilinearis 1.7
Merluccius_bilinearis 1.6
Merluccius_bilinearis 1.7
Merluccius_bilinearis 1.6
Merluccius_capensis 3.9
Merluccius_capensis 4.9
Merluccius_merluccius 3.8
Merluccius_merluccius 3.09
Merluccius_merluccius 3
Merluccius_merluccius 2.86
Merluccius_merluccius 2.5
Merluccius_merluccius 4.12
Merluccius_merluccius 3.5
Merluccius_merluccius 4.4
Merluccius_paradoxus 3.7
Merluccius_paradoxus 4.7
Merluccius_productus 3
Merluccius_productus 4
Mesocottus_haitej 3
Mesogobius_batrachocephalus 3
Microchirus_theophila 3
Micromesistius_australis 3
Micromesistius_australis 3
Micromesistius_poutassou 1
Micromesistius_poutassou 1
Micromesistius_poutassou 2.35
Micromesistius_poutassou 2
Micromesistius_poutassou 2
Micromesistius_poutassou 2.3
Micromesistius_poutassou 3.1
Microphysogobio_tungtingensis 2
Micropogonias_undulatus 1
Micropogonias_undulatus 1
Micropogonias_undulatus 1
Microstomus_kitt 4
Microstomus_kitt 8.2
Microstomus_pacificus 7
Misgurnus_fossilis 2
Mobula_birostris 6
Molva_dypterygia 9
Molva_dypterygia 6.2
Molva_dypterygia 11
Molva_molva 5
Molva_molva 7.2
Morone_americana 2
Morone_chrysops 2
Morone_chrysops 3
Mugil_cephalus 2
Mugil_cephalus 2
Mugil_cephalus 6
Mugil_cephalus 6
Mugil_curema 2.5
Mugil_curema 2
Mugil_curema 3
Mugil_curema 3
Mugil_hospes 2
Mugil_trichodon 2
Mullus_barbatus_barbatus 1
Mullus_barbatus_barbatus 1
Mullus_barbatus_barbatus 1.9
Mullus_surmuletus 1
Mullus_surmuletus 1
Mullus_surmuletus 2
Mullus_surmuletus 1.39
Mullus_surmuletus 2
Mullus_surmuletus 1
Mullus_surmuletus 2
Muraena_augusti 5.3
Muraena_helena 7.1
Mustelus_antarcticus 4.7
Mustelus_antarcticus 6.9
Mustelus_californicus 2.1
Mustelus_griseus 5.65
Mustelus_lenticulatus 3.7
Mustelus_lenticulatus 4.7
Mustelus_lenticulatus 5
Mustelus_manazo 1.3
Mustelus_manazo 1.9
Mustelus_mustelus 13.5
Mycteroperca_bonaci 5.2
Mycteroperca_olfax 6.5
Mycteroperca_olfax 6.5
Mycteroperca_olfax 6.5
Mycteroperca_phenax 2
Mycteroperca_tigris 6.5
Mycteroperca_tigris 9.5
Myliobatis_californica 3
Mylocheilus_caurinus 3
Mylocheilus_caurinus 4
Mylopharyngodon_piceus 3
Mylopharyngodon_piceus 3
Myoxocephalus_jaok 7
Myoxocephalus_jaok 5
Myoxocephalus_jaok 6
Myoxocephalus_jaok 4
Myoxocephalus_polyacanthocephalus 8
Myoxocephalus_polyacanthocephalus 6
Myoxocephalus_quadricornis 4
Myoxocephalus_quadricornis 3
Myoxocephalus_scorpius 1
Myoxocephalus_scorpius 1
Myoxocephalus_scorpius 1
Myxine_glutinosa 3
Nannatherina_balstoni 0.6
Nannatherina_balstoni 0.8
Nannoperca_vittata 1
Nannoperca_vittata 1
Naso_hexacanthus 7
Naso_tuberosus 4
Nautichthys_oculofasciatus 1
Negaprion_brevirostris 12
Negaprion_brevirostris 12.7
Nematabramis_everetti 1
Nematabramis_everetti 1.5
Nematalosa_erebi 2
Nematalosa_erebi 1
Nematalosa_erebi 1
Nemipterus_japonicus 1
Nemipterus_japonicus 0.9
Nemipterus_japonicus 1.4
Nemipterus_mesoprion 0.7
Nemipterus_peronii 1
Nemipterus_randalli 3.2
Neoclinus_uninotatus 1
Neogobius_fluviatilis 2
Neosalanx_pseudotaihuensis 1
Neosalanx_taihuensis 1
Niwaella_delicata 1.5
Niwaella_delicata 3.5
Nocomis_biguttatus 3
Nocomis_micropogon 3
Nocomis_micropogon 2
Nocomis_micropogon 3
Notemigonus_crysoleucas 2
Nothobranchius_furzeri 0.1
Nothobranchius_furzeri 0.05
Nothobranchius_furzeri 0.05
Nothobranchius_kadleci 0.05
Nothobranchius_kadleci 0.05
Notolabrus_fucicola 1.5
Notolabrus_fucicola 8.3
Notorynchus_cepedianus 16
Notothenia_coriiceps 7
Notothenia_coriiceps 7
Notothenia_rossii 5
Notothenia_rossii 5
Notothenia_rossii 6
Notothenia_rossii 7
Notropis_atherinoides 1
Notropis_bifrenatus 1
Ocyurus_chrysurus 2
Odax_pullus 1.2
Odax_pullus 3.9
Okamejei_kenojei 3
Oligocottus_snyderi 0.75
Oncorhynchus_gorbuscha 2
Oncorhynchus_kisutch 3
Oncorhynchus_masou 4
Oncorhynchus_nerka 2
Oncorhynchus_tshawytscha 4
Oncorhynchus_tshawytscha 4.1
Oncorhynchus_tshawytscha 4.1
Ophiodon_elongatus 4
Ophiodon_elongatus 2
Oreochromis_andersonii 4
Oreochromis_aureus 2
Oreochromis_aureus 2
Oreochromis_aureus 2
Oreochromis_macrochir 1.16
Oreochromis_macrochir 1.5
Oreochromis_macrochir 1.75
Oreochromis_macrochir 2
Oreochromis_mossambicus 1
Oreochromis_mossambicus 2
Oreochromis_mweruensis 1
Oreochromis_niloticus 1
Oreochromis_niloticus 1
Oreochromis_niloticus 2
Oreochromis_squamipinnis 3
Osmerus_dentex 4.5
Osmerus_eperlanus 2
Osmerus_eperlanus 1
Osmerus_eperlanus 1.5
Osmerus_eperlanus 3.5
Osmerus_mordax 2
Osmerus_mordax 2
Osmerus_mordax 3
Osmerus_mordax 2
Osmerus_mordax 6
Ostorhinchus_rubrimacula 0.4
Oxyjulis_californica 1
Oxylebius_pictus 2.5
Pachycara_brachycephalum 5
Pachycara_brachycephalum 5
Pagellus_acarne 1.9
Pagellus_acarne 2
Pagellus_acarne 3
Pagellus_bellottii 2
Pagellus_bogaraveo 5
Pagellus_bogaraveo 6
Pagellus_bogaraveo 6
Pagellus_erythrinus 2
Pagellus_erythrinus 1
Pagellus_erythrinus 3
Pagellus_erythrinus 1.8
Pagellus_erythrinus 2
Pagellus_erythrinus 3
Pagrus_auratus 4
Pagrus_caeruleostictus 2
Pagrus_pagrus 0.9
Pagrus_pagrus 3
Pagrus_pagrus 1.9
Parabramis_pekinensis 6
Paracanthobrama_guichenoti 2.5
Parachromis_dovii 1.25
Paragalaxias_dissimilis 1
Paragalaxias_eleotroides 1
Paralabrax_clathratus 2.5
Paralabrax_humeralis 2
Paralabrax_maculatofasciatus 1.5
Paralabrax_nebulifer 3.5
Paralichthys_californicus 3
Parapristipoma_trilineatum 2
Parapristipoma_trilineatum 2
Paratherina_striata 0.59
Paratherina_striata 0.98
Parophrys_vetulus 3
Pelecus_cultratus 4
Pelecus_cultratus 3
Pennahia_argentata 1
Pentaceros_wheeleri 6
Pentaceros_wheeleri 7
Peprilus_triacanthus 0.9
Peprilus_triacanthus 0.9
Perca_flavescens 2
Perca_flavescens 3
Perca_flavescens 3
Perca_fluviatilis 5
Perca_fluviatilis 3
Perca_fluviatilis 2
Perca_fluviatilis 2
Perca_fluviatilis 1
Perca_fluviatilis 1
Perca_fluviatilis 3
Perca_fluviatilis 2
Perca_fluviatilis 3
Perca_fluviatilis 2
Perca_fluviatilis 2
Perca_fluviatilis 2
Perca_fluviatilis 2
Perca_fluviatilis 2.56
Perca_fluviatilis 2.63
Perca_fluviatilis 1.99
Perca_fluviatilis 2.71
Perca_fluviatilis 1.99
Perca_fluviatilis 1.99
Perca_fluviatilis 3
Perca_fluviatilis 3.49
Perca_fluviatilis 3.19
Perca_fluviatilis 3.22
Perca_fluviatilis 4
Perca_fluviatilis 2
Percina_sciera 1
Percina_sciera 1
Petromyzon_marinus 7
Petromyzon_marinus 7
Petrus_rupestris 7.2
Phanerodon_furcatus 2
Photopectoralis_bindus 1.2
Phoxinus_phoxinus 1
Pimephales_promelas 3
Pimephales_promelas 2
Pimephales_promelas 1
Plagioscion_squamosissimus 1.5
Plagioscion_squamosissimus 1
Planiliza_abu 1
Planiliza_abu 1
Platichthys_flesus 4
Platichthys_flesus 3
Platichthys_flesus 4
Platichthys_flesus 3
Platichthys_flesus 3
Platichthys_flesus 2
Platichthys_flesus 5
Platichthys_flesus 3
Platycephalus_bassensis 3
Platycephalus_bassensis 3
Platycephalus_conatus 3.8
Platycephalus_fuscus 1.2
Platycephalus_fuscus 4.5
Platycephalus_grandispinis 1
Platycephalus_grandispinis 2
Platycephalus_laevigatus 1.8
Platycephalus_laevigatus 1.4
Platycephalus_speculator 1
Platycephalus_speculator 2
Platycephalus_westraliae 2
Platycephalus_westraliae 2
Plecoglossus_altivelis 1
Plectorhinchus_sordidus 1.8
Plectorhinchus_sordidus 2.1
Plectropomus_areolatus 3
Plectropomus_areolatus 2
Plectropomus_areolatus 2.45
Pleurogrammus_azonus 2
Pleurogrammus_monopterygius 5
Pleurogrammus_monopterygius 3.6
Pleurogrammus_monopterygius 4
Pleuronectes_platessa 2.85
Pleuronectes_platessa 2.86
Pleuronectes_platessa 3
Pleuronectes_platessa 4
Pleuronectes_platessa 2.85
Pleuronectes_platessa 3
Pleuronectes_platessa 2.49
Pleuronectes_platessa 2.9
Pleuronectes_platessa 2.9
Pleuronectes_platessa 1.89
Pleuronectes_platessa 1.76
Pleuronectes_platessa 2.5
Pleuronectes_platessa 3.07
Pleuronectes_platessa 3
Pleuronectes_platessa 3
Pleuronectes_quadrituberculatus 9.5
Pollachius_pollachius 3
Pollachius_pollachius 2
Pollachius_pollachius 3
Pollachius_virens 3
Pollachius_virens 4.75
Pollachius_virens 5.16
Pollachius_virens 5.5
Pollachius_virens 2
Pollachius_virens 2.3
Pollachius_virens 4.9
Pollachius_virens 4.6
Pollachius_virens 5.8
Polyodon_spathula 9
Polyodon_spathula 6
Polysteganus_undulosus 7.7
Polysteganus_undulosus 8.9
Pomacanthus_maculosus 5.5
Pomatomus_saltatrix 1.9
Pomatomus_saltatrix 2.4
Pomatoschistus_minutus 1
Ponticola_bathybius 2
Ponticola_cephalargoides 2
Ponticola_syrman 1
Porichthys_notatus 3.5
Potamotrygon_leopoldi 3.5
Potamotrygon_scobina 1.8
Prionace_glauca 6
Prionace_glauca 6.5
Prionace_glauca 8
Prionace_glauca 8
Prionace_glauca 5
Prionace_glauca 6
Prionace_glauca 6
Prionace_glauca 6
Prionotus_stephanophrys 3
Prionotus_stephanophrys 3
Prionotus_stephanophrys 4
Prochilodus_nigricans 2
Prochilodus_nigricans 1.8
Procypris_rabaudi 4
Promethichthys_prometheus 4
Pronotogrammus_martinicensis 1
Prosopium_cylindraceum 5
Prosopium_cylindraceum 4
Prosopium_cylindraceum 5
Prosopium_cylindraceum 2
Prosopium_cylindraceum 4
Prosopium_cylindraceum 3
Proterorhinus_marmoratus 1
Psettichthys_melanostictus 2
Pseudaspius_leptocephalus 5
Pseudobatos_productus 8
Pseudocarcharias_kamoharai 5.1
Pseudocarcharias_kamoharai 3.1
Pseudocyttus_maculatus 25.5
Pseudocyttus_maculatus 18.5
Pseudocyttus_maculatus 31
Pseudopleuronectes_americanus 1.9
Pseudopleuronectes_americanus 1.9
Pseudopleuronectes_americanus 3
Pseudopleuronectes_americanus 3.3
Pseudopleuronectes_americanus 3.3
Pseudopleuronectes_americanus 3.5
Pseudopleuronectes_herzensteini 3.5
Pseudopleuronectes_herzensteini 3.5
Pseudorasbora_parva 1
Pseudorasbora_parva 1
Pseudorasbora_parva 2
Pterapogon_kauderni 0.83
Pterapogon_kauderni 1
Pterogobius_zacalles 1
Pterogymnus_laniarius 4
Raja_brachyura 9
Raja_brachyura 10
Raja_brachyura 14
Raja_clavata 11
Raja_clavata 3.9
Raja_clavata 6.13
Raja_clavata 7
Raja_clavata 5.3
Raja_clavata 6.13
Raja_clavata 9
Raja_clavata 10
Raja_montagui 3.4
Raja_montagui 4.15
Raja_montagui 8
Raja_undulata 7.66
Raja_undulata 8.98
Rastrelliger_kanagurta 0.54
Rastrelliger_kanagurta 0.56
Rastrelliger_kanagurta 1
Reinhardtius_hippoglossoides 9.6
Reinhardtius_hippoglossoides 10.8
Reinhardtius_hippoglossoides 12
Reinhardtius_hippoglossoides 9
Reinhardtius_hippoglossoides 7
Reinhardtius_hippoglossoides 9
Retropinna_semoni 1
Rhabdosargus_sarba 2
Rhabdosargus_sarba 2.1
Rhacochilus_vacca 2.5
Rhinichthys_cataractae 3
Rhinogobius_cliffordpopei 0.33
Rhinogobius_giurinus 0.39
Rhinoptera_bonasus 4.5
Rhinoptera_bonasus 4.5
Rhizoprionodon_taylori 0.5
Rhizoprionodon_taylori 0.93
Rhizoprionodon_terraenovae 4
Rhizoprionodon_terraenovae 4
Rhodeus_amarus 2
Rhodeus_sericeus 2
Rhynchocypris_percnurus 2
Romanogobio_tenuicorpus 3
Roncador_stearnsii 2.5
Rudarius_ercodes 1
Rutilus_rutilus 2
Rutilus_rutilus 3
Sabanejewia_balcanica 2.5
Sabanejewia_balcanica 2.5
Sabanejewia_larvata 2
Salmo_salar 5
Salmo_salar 3
Salmo_salar 5
Salmo_salar 5.2
Salmo_salar 4.8
Salmo_salar 3.9
Salmo_salar 0.8
Salmo_salar 4.3
Salmo_salar 4
Salmo_salar 4.9
Salmo_salar 5.2
Salmo_trutta 5
Salmo_trutta 4
Salmo_trutta 3
Salmo_trutta 0.8
Salmo_trutta 1.12
Salmo_trutta 0.71
Salmo_trutta 2.5
Salmo_trutta 2.5
Salmo_trutta 2
Salmo_trutta 2
Salmo_trutta 2
Salmo_trutta 2
Salmo_trutta 2
Salmo_trutta 1
Salmo_trutta 1
Salmo_trutta 3.2
Salmo_trutta 2
Salmo_trutta 1
Salmo_trutta 3.1
Salmo_trutta 2
Salmo_trutta 3.5
Salmo_trutta 1.8
Salmo_trutta 1
Salmo_trutta 3.2
Salmo_trutta 2
Salmo_trutta 3.6
Salmo_trutta 4.2
Salmo_trutta 2
Salmo_trutta 2
Salmo_trutta 4
Salmo_trutta 4.4
Salmo_trutta 3.5
Salmo_trutta 2.6
Salmo_trutta 2.5
Salmo_trutta 3.8
Salmo_trutta 2
Salvelinus_alpinus 10
Salvelinus_alpinus 6.9
Salvelinus_malma 4
Salvelinus_namaycush 11
Salvelinus_namaycush 10
Salvelinus_namaycush 8
Salvelinus_namaycush 9
Salvelinus_namaycush 5
Salvelinus_namaycush 8
Salvelinus_namaycush 12
Salvelinus_namaycush 8.3
Salvelinus_namaycush 6
Salvelinus_namaycush 7
Salvelinus_namaycush 14
Salvelinus_namaycush 8
Salvelinus_namaycush 4
Salvelinus_namaycush 6
Sander_lucioperca 3
Sander_lucioperca 4
Sander_lucioperca 3
Sander_lucioperca 2
Sander_lucioperca 4
Sander_lucioperca 4
Sander_lucioperca 4
Sander_lucioperca 5
Sander_lucioperca 5
Sander_lucioperca 2
Sander_lucioperca 4
Sander_lucioperca 5
Sander_lucioperca 3
Sander_lucioperca 4
Sander_lucioperca 2
Sander_lucioperca 2
Sander_lucioperca 3
Sander_lucioperca 3
Sander_lucioperca 3
Sander_lucioperca 4
Sander_lucioperca 4
Sander_lucioperca 2
Sander_lucioperca 3
Sander_lucioperca 4
Sander_lucioperca 4
Sander_lucioperca 3
Sander_lucioperca 2
Sander_lucioperca 3
Sander_lucioperca 3
Sander_lucioperca 3
Sander_lucioperca 6
Sander_lucioperca 4.1
Sander_lucioperca 3
Sander_lucioperca 3
Sander_lucioperca 4
Sander_lucioperca 4
Sander_lucioperca 4
Sander_lucioperca 5
Sander_lucioperca 5
Sander_vitreus 2
Sander_vitreus 7
Sander_vitreus 5
Sander_vitreus 3
Sander_vitreus 5
Sarcocheilichthys_czerskii 3
Sarcocheilichthys_sinensis 3
Sarda_sarda 1
Sarda_sarda 1
Sarda_sarda 1
Sarda_sarda 1
Sardina_pilchardus 1.7
Sardina_pilchardus 2
Sardina_pilchardus 2
Sardina_pilchardus 2
Sardina_pilchardus 1
Sardinella_aurita 1
Sardinella_aurita 1
Sardinella_aurita 1.04
Sardinella_aurita 1.33
Sardinella_brasiliensis 1
Sardinella_longiceps 1.9
Sardinella_longiceps 1.97
Sardinella_longiceps 2
Sardinella_maderensis 3
Sardinops_sagax 1.5
Sardinops_sagax 4
Sarotherodon_galilaeus 1.5
Sarotherodon_galilaeus 1.5
Sarotherodon_galilaeus 2
Sarotherodon_galilaeus 2
Sarpa_salpa 2
Saurida_undosquamis 1.1
Saurida_undosquamis 1.8
Saurogobio_dabryi 3
Scardinius_erythrophthalmus 4
Scardinius_erythrophthalmus 3
Scardinius_erythrophthalmus 5
Scardinius_erythrophthalmus 1
Scardinius_erythrophthalmus 1
Scarus_ghobban 2
Scarus_rubroviolaceus 4
Schilbe_intermedius 2
Sciades_parkeri 2
Sciades_sona 2
Sciaena_umbra 3
Sciaena_umbra 3
Scolopsis_taeniata 1.1
Scomber_colias 1.08
Scomber_colias 0.82
Scomber_colias 1.05
Scomber_japonicus 2
Scomber_scombrus 2
Scomber_scombrus 1.8
Scomber_scombrus 1.8
Scomber_scombrus 1.8
Scomber_scombrus 1.5
Scomber_scombrus 3.5
Scomberesox_saurus 0.5
Scomberomorus_commerson 2.4
Scomberomorus_maculatus 2
Scomberomorus_maculatus 3
Scomberomorus_plurilineatus 2
Scophthalmus_maximus 4
Scophthalmus_rhombus 3
Scorpaena_guttata 2
Scorpaena_loppei 1
Scorpaena_porcus 3
Scorpaenichthys_marmoratus 3
Scorpis_aequipinnis 14.1
Scorpis_aequipinnis 16.1
Scyliorhinus_canicula 5
Scyliorhinus_stellaris 4
Sebastes_alutus 7
Sebastes_alutus 5
Sebastes_alutus 7
Sebastes_alutus 9.07
Sebastes_alutus 8.8
Sebastes_alutus 8.5
Sebastes_alutus 7.7
Sebastes_alutus 8.6
Sebastes_alutus 11.5
Sebastes_atrovirens 4
Sebastes_auriculatus 5
Sebastes_auriculatus 5
Sebastes_auriculatus 5
Sebastes_aurora 5
Sebastes_babcocki 4
Sebastes_babcocki 4
Sebastes_carnatus 5
Sebastes_carnatus 4
Sebastes_caurinus 4
Sebastes_caurinus 4
Sebastes_caurinus 6
Sebastes_chlorostictus 6
Sebastes_chlorostictus 6
Sebastes_chlorostictus 6
Sebastes_chrysomelas 4
Sebastes_chrysomelas 3
Sebastes_chrysomelas 3
Sebastes_constellatus 7
Sebastes_constellatus 6
Sebastes_constellatus 7
Sebastes_crameri 7
Sebastes_crameri 4
Sebastes_crameri 4
Sebastes_crameri 5.1
Sebastes_crameri 8.4
Sebastes_dallii 3
Sebastes_diploproa 9
Sebastes_diploproa 7
Sebastes_diploproa 5
Sebastes_diploproa 9
Sebastes_elongatus 9
Sebastes_elongatus 7
Sebastes_elongatus 7
Sebastes_emphaeus 1.87
Sebastes_entomelas 6
Sebastes_entomelas 5
Sebastes_entomelas 5
Sebastes_fasciatus 5.5
Sebastes_fasciatus 5.5
Sebastes_flavidus 6
Sebastes_flavidus 6
Sebastes_flavidus 7
Sebastes_flavidus 7
Sebastes_goodei 3
Sebastes_goodei 3
Sebastes_helvomaculatus 10
Sebastes_helvomaculatus 7
Sebastes_helvomaculatus 8
Sebastes_hopkinsi 5
Sebastes_hopkinsi 5
Sebastes_hopkinsi 5
Sebastes_jordani 2.5
Sebastes_jordani 3
Sebastes_jordani 2
Sebastes_levis 4
Sebastes_levis 4
Sebastes_levis 11
Sebastes_levis 12
Sebastes_maliger 7
Sebastes_maliger 4
Sebastes_maliger 6
Sebastes_melanops 7
Sebastes_melanops 6
Sebastes_melanops 7.5
Sebastes_melanops 7
Sebastes_melanostomus 20
Sebastes_melanostomus 7
Sebastes_melanostomus 8
Sebastes_mentella 13
Sebastes_mentella 10
Sebastes_miniatus 6
Sebastes_miniatus 5
Sebastes_miniatus 5
Sebastes_minor 4
Sebastes_nebulosus 6
Sebastes_nebulosus 4
Sebastes_nebulosus 4
Sebastes_ovalis 7
Sebastes_ovalis 4
Sebastes_ovalis 4
Sebastes_paucispinis 4
Sebastes_paucispinis 3
Sebastes_paucispinis 4
Sebastes_pinniger 11
Sebastes_pinniger 7
Sebastes_pinniger 9
Sebastes_polyspinis 7.56
Sebastes_rastrelliger 3.5
Sebastes_rosaceus 6
Sebastes_rosaceus 6
Sebastes_rosaceus 6
Sebastes_rosenblatti 12
Sebastes_ruberrimus 7
Sebastes_ruberrimus 7
Sebastes_rubrivinctus 5
Sebastes_rubrivinctus 8
Sebastes_rufus 15
Sebastes_rufus 3
Sebastes_rufus 3
Sebastes_saxicola 6
Sebastes_saxicola 3
Sebastes_saxicola 2
Sebastes_semicinctus 5
Sebastes_serranoides 4
Sebastes_serranoides 5
Sebastes_serranoides 5
Sebastes_serranoides 5
Sebastes_variabilis 9.2
Sebastolobus_alascanus 13
Sebastolobus_altivelis 6
Semicossyphus_pulcher 4.25
Semotilus_atromaculatus 2.5
Semotilus_atromaculatus 3.5
Semotilus_atromaculatus 3.5
Seriola_dumerili 4
Seriola_dumerili 4
Seriola_dumerili 3.5
Seriphus_politus 2
Serranus_hepatus 3
Siganus_canaliculatus 1
Siganus_canaliculatus 2
Siganus_canaliculatus 2
Siganus_canaliculatus 1
Siganus_lineatus 2
Siganus_rivulatus 2
Siganus_rivulatus 1
Sillago_aeolus 0.8
Sillago_aeolus 1
Silurus_triostegus 3
Silurus_triostegus 4
Solea_solea 3
Solea_solea 2.38
Solea_solea 3.05
Solea_solea 2.5
Solea_solea 2.45
Solea_solea 2.5
Solea_solea 3
Solea_solea 2.5
Solea_solea 1.2
Solea_solea 1.2
Solea_solea 2.5
Solea_solea 4.5
Solea_solea 4
Sparodon_durbanensis 5.4
Sphyrna_lewini 13.2
Sphyrna_lewini 8.9
Sphyrna_lewini 3.8
Sphyrna_lewini 4
Sphyrna_lewini 15
Sphyrna_tiburo 2.3
Sphyrna_tiburo 2.2
Sphyrna_tiburo 2.7
Sphyrna_tiburo 2
Sphyrna_tiburo 3
Spicara_maena 2
Spicara_maena 2
Spinachia_spinachia 1
Spirinchus_thaleichthys 2
Spondyliosoma_cantharus 2
Spondyliosoma_cantharus 4
Spondyliosoma_cantharus 2
Spondyliosoma_cantharus 3
Spondyliosoma_cantharus 3
Sprattus_sprattus 1
Sprattus_sprattus 2
Sprattus_sprattus 3
Sprattus_sprattus 1.2
Sprattus_sprattus 1.2
Sprattus_sprattus 2
Sprattus_sprattus 2
Squalidus_chankaensis 2
Squaliobarbus_curriculus 2
Squalius_cephalus 6
Squalius_cephalus 4
Squalius_cephalus 4
Squalius_cephalus 3
Squalius_pyrenaicus 3
Squalius_pyrenaicus 3
Squalus_acanthias 29
Squalus_acanthias 6
Squalus_acanthias 6
Squalus_acanthias 10
Squalus_acanthias 12.1
Squalus_acanthias 10
Squalus_blainville 11.3
Squalus_blainville 17
Squalus_suckleyi 25
Squalus_suckleyi 34
Squalus_suckleyi 31
Squalus_suckleyi 14
Squalus_suckleyi 21
Squalus_suckleyi 20
Squalus_suckleyi 23
Squalus_suckleyi 35.5
Squalus_suckleyi 29
Squalus_suckleyi 36
Squatina_californica 10
Squatina_californica 10
Stellifer_lanceolatus 1
Stenotomus_caprinus 1
Symphodus_cinereus 1
Symphodus_mediterraneus 2
Symphodus_melops 3
Symphodus_ocellatus 1
Symphodus_roissali 1
Symphodus_tinca 2
Tandanus_tandanus 5
Tautogolabrus_adspersus 1
Tenualosa_macrura 0.65
Tenualosa_toli 0.63
Thalassoma_duperrey 1
Thunnus_alalunga 5.5
Thunnus_alalunga 5
Thunnus_atlanticus 3
Thunnus_maccoyii 12
Thunnus_orientalis 4
Thunnus_thynnus 3
Thunnus_thynnus 3
Tinca_tinca 2
Totoaba_macdonaldi 7
Totoaba_macdonaldi 6
Trachidermus_fasciatus 1
Trachinocephalus_myops 2
Trachinotus_falcatus 3.1
Trachinus_radiatus 3.5
Trachurus_capensis 2
Trachurus_indicus 1.78
Trachurus_indicus 2.23
Trachurus_japonicus 3
Trachurus_lathami 2
Trachurus_mediterraneus 1.4
Trachurus_picturatus 2.11
Trachurus_picturatus 2.28
Trachurus_picturatus 4.4
Trachurus_picturatus 5.1
Trachurus_trachurus 2
Trachurus_trachurus 3.55
Trachurus_trachurus 2.5
Trachurus_trachurus 1.5
Trachurus_trachurus 2
Trachurus_trachurus 2.2
Trachurus_trachurus 3.4
Trachurus_trachurus 2.6
Trachurus_trachurus 4.1
Triaenodon_obesus 8
Triakis_semifasciata 7
Triakis_semifasciata 10
Tribolodon_brandtii 3
Tribolodon_sachalinensis 2.5
Trichiurus_lepturus 3.7
Trinectes_maculatus 2
Trinectes_maculatus 2
Trinectes_maculatus 1
Trisopterus_esmarkii 2
Trisopterus_esmarkii 1.5
Trisopterus_esmarkii 1.2
Trisopterus_esmarkii 1.08
Trisopterus_esmarkii 2.3
Trisopterus_luscus 1
Trisopterus_luscus 2
Trisopterus_minutus 2
Trisopterus_minutus 1
Trisopterus_minutus 1
Trisopterus_minutus 2
Trisopterus_minutus 2
Tristramella_simonis 2
Tristramella_simonis 2
Umbra_pygmaea 2
Umbra_pygmaea 1.5
Umbra_pygmaea 2
Uranoscopus_scaber 1
Uranoscopus_scaber 2
Urophycis_chuss 1.4
Urophycis_chuss 1.8
Urophycis_chuss 1.7
Urophycis_chuss 1.8
Urophycis_tenuis 1.4
Urophycis_tenuis 1.4
Valenciennea_muralis 0.32
Valenciennea_muralis 0.39
Vinciguerria_nimbaria 0.26
Xenocypris_macrolepis 4
Xenocypris_macrolepis 3
Xenotaenia_resolanae 0.3
Xiphister_atropurpureus 2.5
Xiphister_mucosus 5
Zaprora_silenus 5.1
Zearaja_chilensis 10.3
Zearaja_chilensis 10.74
Zearaja_chilensis 13.5
Zearaja_chilensis 12.8
Zearaja_nasuta 4
Zearaja_nasuta 6
Zeus_faber 4
Zeus_faber 4
